Experience Name,Experience Number,Total Time,User Clickes,HeatMap
Physics Concept,1,1.368624s,0,(3.9_ 0.0_ -2.4)(0.0_ 270.0_ 0.0)

Experience Name,Experience Number,Total Time,User Clickes,HeatMap
Physics Concept,1,46.90061s,0,(4.5_ 0.0_ -2.4)(0.0_ 0.0_ 0.0)(4.2_ 1.1_ -2.5)(75.5_ 153.8_ 357.7)(4.2_ 1.1_ -2.5)(75.5_ 153.8_ 357.7)(4.0_ 1.5_ -2.3)(8.5_ 184.1_ 6.1)(3.9_ 1.5_ -2.3)(334.9_ 169.4_ 9.3)

Experience Name,Experience Number,Total Time,User Clickes,HeatMap
Physics Concept,1,45.32141s,0,(3.9_ 1.5_ -2.3)(349.1_ 165.1_ 11.0)(3.9_ 1.5_ -2.3)(345.6_ 169.6_ 14.5)(3.8_ 1.5_ -2.5)(13.5_ 134.9_ 17.6)(3.2_ 0.5_ -3.2)(0.1_ 205.9_ 358.6)(3.2_ 0.5_ -3.2)(0.0_ 205.7_ 358.4)

Experience Name,Experience Number,Total Time,User Clickes,HeatMap
Physics Concept,1,8.058598s,0,(3.2_ 0.5_ -3.2)(0.1_ 205.9_ 358.4)

Experience Name,Experience Number,Total Time,User Clickes,HeatMap
Physics Concept,1,178.1428s,1,(4.1_ 0.5_ -2.3)(0.7_ 47.8_ 4.0)(3.9_ 0.5_ -2.4)(1.1_ 30.9_ 4.0)(3.9_ 0.5_ -2.3)(1.7_ 11.3_ 3.8)(3.8_ 0.5_ -2.2)(1.5_ 355.0_ 4.1)(4.3_ 1.5_ -2.5)(21.9_ 178.7_ 3.1)(4.3_ 1.4_ -2.5)(20.0_ 172.9_ 356.8)(3.2_ 1.4_ -1.8)(26.9_ 250.0_ 12.8)(1.2_ 1.3_ -2.2)(39.4_ 190.4_ 14.5)(1.8_ 0.9_ -1.4)(35.5_ 60.0_ 26.5)(1.5_ 1.4_ -1.3)(15.2_ 160.6_ 6.0)(1.5_ 1.4_ -0.9)(10.7_ 177.4_ 5.0)(1.3_ 1.4_ -0.9)(16.0_ 165.4_ 8.9)(0.6_ 1.4_ 0.4)(347.5_ 171.7_ 19.5)(1.1_ 1.4_ -2.2)(24.5_ 171.3_ 11.6)(1.1_ 1.4_ -2.2)(4.8_ 146.2_ 15.5)(1.1_ 1.4_ -2.1)(33.8_ 185.1_ 25.4)

Experience Name,Experience Number,Total Time,User Clickes,HeatMap
Physics Concept,1,13.71502s,0,(3.4_ 0.7_ -3.1)(58.4_ 145.2_ 291.5)(4.0_ 1.4_ -2.8)(16.6_ 133.3_ 8.9)

Experience Name,Experience Number,Total Time,User Clickes,HeatMap
Physics Concept,1,92.25793s,2,(4.1_ 1.4_ -2.6)(0.4_ 154.9_ 20.9)(3.6_ 1.4_ -1.8)(19.4_ 241.3_ 11.1)(1.2_ 1.4_ -1.7)(21.9_ 145.6_ 15.3)(1.8_ 1.2_ -2.8)(58.8_ 125.1_ 14.1)(1.6_ 1.1_ -2.5)(61.3_ 185.2_ 14.3)(1.7_ 1.4_ -2.2)(37.5_ 144.6_ 9.3)(2.0_ 1.4_ -2.3)(36.2_ 159.3_ 12.9)(0.1_ 1.4_ -2.5)(15.7_ 148.8_ 8.9)(0.0_ 1.6_ -3.2)(357.6_ 128.7_ 26.5)

Experience Name,Experience Number,Total Time,User Clickes,HeatMap
Physics Concept,1,48.92025s,0,(4.5_ 0.0_ -2.4)(0.0_ 0.0_ 0.0)(4.5_ 0.0_ -2.4)(0.0_ 0.0_ 0.0)(3.5_ 1.4_ -1.5)(32.9_ 210.0_ 13.7)(3.2_ 1.5_ -1.4)(18.2_ 229.1_ 12.8)(3.2_ 1.4_ -1.6)(24.3_ 160.7_ 14.8)

Experience Name,Experience Number,Total Time,User Clickes,HeatMap
Physics Concept,1,43.5764s,0,(4.5_ 0.0_ -2.4)(0.0_ 0.0_ 0.0)(3.9_ 1.5_ -2.2)(21.6_ 168.3_ 6.9)(3.7_ 1.4_ -2.0)(46.6_ 234.4_ 9.4)(3.8_ 1.4_ -1.8)(33.0_ 230.1_ 12.0)

Experience Name,Experience Number,Total Time,User Clickes,HeatMap
Physics Concept,1,38.91751s,0,(4.5_ 0.0_ -2.4)(0.0_ 0.0_ 0.0)(4.5_ 0.0_ -2.4)(0.0_ 0.0_ 0.0)(3.7_ 1.4_ -2.1)(40.2_ 192.7_ 12.1)(3.7_ 1.4_ -2.2)(67.5_ 162.7_ 349.4)

Experience Name,Experience Number,Total Time,User Clickes,HeatMap
Physics Concept,1,89.30318s,0,(4.3_ 1.1_ -2.5)(28.9_ 168.9_ 37.7)(3.9_ 1.4_ -2.2)(37.5_ 170.1_ 6.9)(3.9_ 1.4_ -2.1)(48.8_ 96.2_ 351.3)(2.5_ 1.5_ -2.3)(23.4_ 257.9_ 10.1)(2.9_ 2.4_ -2.2)(27.7_ 345.6_ 18.4)(2.5_ 1.5_ -2.4)(12.9_ 169.2_ 11.3)(2.5_ 1.4_ -2.4)(7.3_ 272.9_ 23.9)(2.5_ 1.5_ -2.2)(19.4_ 240.6_ 10.5)(2.7_ 0.6_ -2.7)(73.9_ 213.0_ 7.4)

Experience Name,Experience Number,Total Time,User Clickes,HeatMap
Physics Concept,1,59.20159s,0,(4.5_ 0.0_ -2.4)(0.0_ 0.0_ 0.0)(4.5_ 0.0_ -2.4)(0.0_ 0.0_ 0.0)(3.9_ 1.5_ -1.9)(16.8_ 266.1_ 9.7)(3.9_ 1.6_ -1.8)(6.4_ 165.7_ 41.4)(3.9_ 1.5_ -1.6)(13.1_ 255.5_ 10.1)(4.0_ 0.7_ -2.1)(60.9_ 329.9_ 93.4)

Experience Name,Experience Number,Total Time,User Clickes,HeatMap
Physics Concept,1,47.07877s,0,(4.5_ 0.0_ -2.4)(0.0_ 0.0_ 0.0)(4.1_ 1.5_ -2.2)(21.3_ 248.5_ 14.9)(4.1_ 1.5_ -2.2)(9.6_ 250.2_ 13.6)(3.9_ 1.5_ -1.8)(12.7_ 237.5_ 8.3)(3.8_ 1.2_ -2.4)(29.4_ 201.0_ 57.0)

Experience Name,Experience Number,Total Time,User Clickes,HeatMap
Physics Concept,1,116.2184s,0,(4.5_ 0.0_ -2.4)(0.0_ 0.0_ 0.0)(4.5_ 0.0_ -2.4)(0.0_ 0.0_ 0.0)(4.1_ 1.5_ -2.0)(4.3_ 209.7_ 2.0)(3.9_ 1.1_ -2.7)(23.7_ 259.4_ 77.6)(3.8_ 1.1_ -2.7)(10.0_ 281.4_ 73.6)(3.8_ 1.1_ -2.7)(10.0_ 281.4_ 73.6)

Experience Name,Experience Number,Total Time,User Clickes,HeatMap
Physics Concept,1,9.958297s,0,(4.5_ 0.0_ -2.4)(0.0_ 0.0_ 0.0)

Experience Name,Experience Number,Total Time,User Clickes,HeatMap
Physics Concept,1,17.58962s,0,(4.5_ 0.0_ -2.4)(0.0_ 0.0_ 0.0)(4.5_ 0.0_ -2.4)(0.0_ 0.0_ 0.0)

Experience Name,Experience Number,Total Time,User Clickes,HeatMap
Physics Concept,1,8.563025s,0,(4.5_ 0.0_ -2.4)(0.0_ 0.0_ 0.0)

Experience Name,Experience Number,Total Time,User Clickes,HeatMap
Physics Concept,1,5.121785s,0,(4.5_ 0.0_ -2.4)(0.0_ 0.0_ 0.0)

Experience Name,Experience Number,Total Time,User Clickes,HeatMap
Physics Concepts,1,26.47918s,0,(4.5_ 0.0_ -2.4)(0.0_ 0.0_ 0.0)(3.5_ 1.5_ -3.1)(23.3_ 179.0_ 2.0)

Experience Name,Experience Number,Total Time,User Clickes,HeatMap
Physics Concept,1,3.663775s,0,(4.5_ 0.0_ -2.4)(0.0_ 0.0_ 0.0)

Experience Name,Experience Number,Total Time,User Clickes,HeatMap
Physics Concept,1,45.1128s,0,(4.0_ 0.9_ -3.3)(355.4_ 177.1_ 358.4)(4.0_ 0.9_ -3.3)(355.4_ 177.1_ 358.4)(4.0_ 0.9_ -3.3)(355.4_ 177.1_ 358.4)(4.1_ 0.9_ -3.0)(355.9_ 79.9_ 358.0)

Experience Name,Experience Number,Total Time,User Clickes,HeatMap
Physics Concept,1,2.453832s,0,(4.5_ 0.0_ -2.4)(0.0_ 0.0_ 0.0)

Experience Name,Experience Number,Total Time,User Clickes,HeatMap
Physics Concept,1,86.22176s,0,(4.5_ 0.0_ -2.4)(0.0_ 0.0_ 0.0)(4.2_ 0.8_ -2.7)(343.1_ 121.6_ 1.1)(4.2_ 0.7_ -2.7)(341.9_ 117.8_ 10.0)(4.2_ 0.7_ -2.7)(341.9_ 117.8_ 10.0)(4.2_ 0.7_ -2.7)(341.9_ 117.8_ 10.0)

Experience Name,Experience Number,Total Time,User Clickes,HeatMap
Physics Concept,1,43.01402s,0,(4.2_ 0.9_ -3.1)(353.3_ 116.7_ 359.9)(4.3_ 0.8_ -2.8)(331.8_ 175.6_ 353.6)

Experience Name,Experience Number,Total Time,User Clickes,HeatMap
Physics Concept,1,10.12884s,0,(4.3_ 0.8_ -2.8)(332.0_ 183.0_ 354.7)

Experience Name,Experience Number,Total Time,User Clickes,HeatMap
Physics Concept,1,20.67314s,0,(4.3_ 0.8_ -2.8)(330.8_ 187.6_ 353.8)

Experience Name,Experience Number,Total Time,User Clickes,HeatMap
Physics Concept,1,56.1448s,0,(4.3_ 0.8_ -2.8)(331.3_ 188.2_ 354.0)(4.3_ 0.8_ -2.8)(331.8_ 188.1_ 355.6)(4.3_ 0.8_ -2.8)(331.9_ 188.1_ 355.5)

Experience Name,Experience Number,Total Time,User Clickes,HeatMap
Physics Concept,1,10.43501s,0,(4.3_ 0.8_ -2.8)(331.9_ 187.6_ 356.1)

Experience Name,Experience Number,Total Time,User Clickes,HeatMap
Physics Concept,1,52.52171s,0,(4.5_ 0.0_ -2.4)(0.0_ 0.0_ 0.0)(4.3_ 0.7_ -2.7)(332.8_ 171.6_ 356.5)(4.3_ 0.7_ -2.7)(335.3_ 173.5_ 357.4)

Experience Name,Experience Number,Total Time,User Clickes,HeatMap
Physics Concepts,1,69.10618s,0,(4.5_ 0.0_ -2.4)(0.0_ 0.0_ 0.0)(4.5_ 0.0_ -2.4)(0.0_ 0.0_ 0.0)(3.7_ 1.4_ -2.3)(320.6_ 166.0_ 343.1)(4.3_ 1.0_ -2.5)(333.7_ 174.1_ 352.9)

Experience Name,Experience Number,Total Time,User Clickes,HeatMap
Physics Concepts,1,7.34964s,0,(4.3_ 1.0_ -2.6)(338.3_ 184.9_ 347.7)

Experience Name,Experience Number,Total Time,User Clickes,HeatMap
Physics Concepts,1,5.218403s,0,(4.3_ 0.9_ -2.6)(17.0_ 177.9_ 341.0)

Experience Name,Experience Number,Total Time,User Clickes,HeatMap
Physics Concept,1,23.34367s,0,(4.4_ 1.0_ -2.6)(13.3_ 178.3_ 346.7)(4.4_ 1.0_ -2.6)(13.2_ 178.0_ 342.3)

Experience Name,Experience Number,Total Time,User Clickes,HeatMap
Physics Concept,1,250.043s,0,(4.3_ 0.8_ -3.2)(345.5_ 193.3_ 358.4)(4.2_ 0.7_ -2.8)(325.6_ 188.7_ 0.5)(4.2_ 1.1_ -2.6)(27.2_ 171.0_ 348.5)(4.1_ 1.0_ -2.6)(70.0_ 74.4_ 264.5)(4.2_ 1.2_ -2.4)(337.8_ 188.5_ 4.5)(4.1_ 1.2_ -2.3)(351.5_ 244.8_ 0.2)(4.1_ 1.2_ -2.3)(356.8_ 249.2_ 358.2)(4.3_ 1.0_ -2.8)(10.2_ 141.5_ 22.9)(4.0_ 0.9_ -2.5)(336.4_ 172.6_ 9.2)(4.0_ 0.9_ -2.5)(343.5_ 167.8_ 11.9)(4.0_ 0.8_ -2.5)(349.2_ 159.2_ 17.4)(4.0_ 0.8_ -2.5)(351.2_ 157.4_ 14.2)(4.0_ 0.8_ -2.5)(351.3_ 155.1_ 14.2)

Experience Name,Experience Number,Total Time,User Clickes,HeatMap
Physics Concepts,1,22.1246s,0,(4.5_ 0.0_ -2.4)(0.0_ 0.0_ 0.0)(4.5_ 0.8_ -2.8)(13.0_ 161.6_ 350.7)

Experience Name,Experience Number,Total Time,User Clickes,HeatMap
Physics Concept,1,107.0924s,0,(4.4_ 1.0_ -2.7)(323.4_ 163.6_ 347.9)(4.5_ 1.0_ -2.3)(319.1_ 48.6_ 7.6)(4.4_ 0.8_ -2.7)(10.9_ 175.3_ 352.6)(4.3_ 0.8_ -2.6)(350.6_ 181.1_ 341.7)(4.3_ 0.8_ -2.6)(348.5_ 180.3_ 341.3)(4.3_ 0.8_ -2.6)(349.1_ 179.9_ 339.6)

Experience Name,Experience Number,Total Time,User Clickes,HeatMap
Physics Concepts,1,147.8853s,0,(4.4_ 0.8_ -2.6)(356.0_ 171.6_ 349.0)(4.3_ 0.8_ -2.6)(334.6_ 172.8_ 342.4)(4.3_ 0.8_ -2.6)(339.4_ 172.4_ 339.4)(4.3_ 0.8_ -2.6)(347.2_ 182.5_ 337.4)(4.3_ 0.8_ -2.6)(343.6_ 182.5_ 341.3)(4.4_ 1.0_ -2.6)(304.9_ 154.2_ 344.3)(4.4_ 1.1_ -2.5)(290.2_ 147.5_ 353.1)(4.4_ 1.1_ -2.5)(288.1_ 147.6_ 353.5)(4.4_ 1.1_ -2.5)(287.4_ 149.4_ 352.3)

Experience Name,Experience Number,Total Time,User Clickes,HeatMap
Physics Concept,1,21.76513s,0,(4.4_ 1.0_ -2.5)(305.4_ 142.6_ 354.0)(4.3_ 0.8_ -2.7)(10.9_ 196.5_ 350.1)

Experience Name,Experience Number,Total Time,User Clickes,HeatMap
Physics Concept,1,19.99599s,0,(4.5_ 0.0_ -2.4)(0.0_ 0.0_ 0.0)(4.3_ 0.8_ -2.7)(7.5_ 185.1_ 1.0)

Experience Name,Experience Number,Total Time,User Clickes,HeatMap
Physics Concept,1,30.32622s,0,(4.3_ 0.8_ -2.7)(6.1_ 191.0_ 357.7)(4.3_ 0.8_ -2.6)(13.6_ 190.6_ 346.2)

Experience Name,Experience Number,Total Time,User Clickes,HeatMap
Physics Concepts,1,261.6998s,0,(4.3_ 0.8_ -2.6)(346.3_ 173.0_ 334.2)(4.3_ 0.8_ -2.7)(358.5_ 186.0_ 331.7)(4.3_ 0.8_ -2.6)(340.0_ 179.3_ 331.4)(4.4_ 0.8_ -2.6)(342.1_ 162.7_ 328.2)(4.4_ 0.8_ -2.7)(350.4_ 167.9_ 329.6)(4.3_ 0.8_ -2.7)(2.6_ 172.0_ 331.3)(4.2_ 0.7_ -2.6)(26.8_ 210.7_ 17.5)(4.1_ 1.2_ -2.4)(0.3_ 187.0_ 6.8)(4.1_ 0.9_ -3.3)(351.9_ 99.3_ 353.1)(4.1_ 0.9_ -2.6)(303.6_ 176.7_ 19.7)(4.1_ 0.8_ -2.7)(325.5_ 172.6_ 19.9)(4.1_ 0.7_ -2.8)(342.6_ 163.3_ 5.0)(4.1_ 0.7_ -2.8)(342.8_ 163.5_ 5.1)(4.1_ 0.8_ -2.8)(316.3_ 170.3_ 347.8)(4.1_ 0.8_ -2.8)(316.1_ 171.4_ 344.7)

Experience Name,Experience Number,Total Time,User Clickes,HeatMap
Physics Concept,1,35.82986s,0,(4.5_ 0.0_ -2.4)(0.0_ 0.0_ 0.0)(4.1_ 1.1_ -2.0)(341.5_ 182.5_ 359.4)(4.1_ 0.9_ -3.3)(353.6_ 91.6_ 347.9)

Experience Name,Experience Number,Total Time,User Clickes,HeatMap
Physics Concept,1,99.11726s,0,(4.3_ 0.7_ -2.7)(317.7_ 157.7_ 10.6)(4.3_ 0.7_ -2.6)(359.2_ 185.3_ 344.1)(4.3_ 0.7_ -2.6)(358.7_ 186.1_ 343.2)(4.3_ 0.8_ -2.6)(331.5_ 193.0_ 334.8)(4.3_ 0.8_ -3.2)(355.7_ 221.2_ 0.4)(4.3_ 0.8_ -3.2)(355.8_ 221.0_ 0.6)

Experience Name,Experience Number,Total Time,User Clickes,HeatMap
Physics Concepts,1,11.06167s,0,(4.5_ 0.0_ -2.4)(0.0_ 0.0_ 0.0)

Experience Name,Experience Number,Total Time,User Clickes,HeatMap
Physics Concepts,1,16.52659s,0,(4.3_ 0.7_ -2.7)(331.8_ 187.6_ 3.4)

Experience Name,Experience Number,Total Time,User Clickes,HeatMap
Physics Concepts,1,74.43672s,0,(4.3_ 0.7_ -2.7)(331.9_ 187.6_ 3.3)(4.4_ 0.8_ -3.2)(355.0_ 188.1_ 359.2)(4.4_ 0.8_ -3.2)(355.0_ 188.1_ 359.2)

Experience Name,Experience Number,Total Time,User Clickes,HeatMap
Physics Concepts,1,11.80564s,0,(4.4_ 0.8_ -3.1)(346.8_ 173.4_ 359.8)

Experience Name,Experience Number,Total Time,User Clickes,HeatMap
Physics Concept,1,20.85341s,0,(4.4_ 1.0_ -2.7)(292.3_ 210.9_ 357.8)

Experience Name,Experience Number,Total Time,User Clickes,HeatMap
Physics Concepts,1,70.26755s,0,(4.5_ 0.0_ -2.4)(0.0_ 0.0_ 0.0)(4.7_ 1.1_ -5.5)(22.2_ 199.1_ 4.3)(4.7_ 1.1_ -2.6)(6.3_ 175.4_ 359.9)(5.0_ 0.8_ -3.4)(356.4_ 74.9_ 355.7)

Experience Name,Experience Number,Total Time,User Clickes,HeatMap
Physics Concept,1,83.72685s,0,(4.1_ 1.1_ -2.4)(354.0_ 182.0_ 3.5)

Experience Name,Experience Number,Total Time,User Clickes,HeatMap
Physics Concept,1,125.1239s,0,(4.4_ 0.8_ -2.6)(351.2_ 179.7_ 10.7)(4.4_ 0.7_ -2.6)(355.0_ 175.1_ 4.2)(4.4_ 0.7_ -2.6)(355.3_ 177.0_ 0.5)(4.4_ 0.7_ -2.6)(354.7_ 177.1_ 0.4)(4.3_ 1.2_ -2.7)(17.9_ 167.0_ 356.3)(4.2_ 1.2_ -2.6)(348.1_ 162.2_ 5.0)

Experience Name,Experience Number,Total Time,User Clickes,HeatMap
Physics Concept,1,52.51726s,1,(4.5_ 0.0_ -2.4)(0.0_ 0.0_ 0.0)(2.7_ 1.1_ -1.5)(18.0_ 228.6_ 2.5)(1.2_ 1.1_ -1.9)(14.7_ 183.8_ 3.6)

Experience Name,Experience Number,Total Time,User Clickes,HeatMap
Physics Concept,1,19.10045s,0,(4.5_ 0.0_ -2.4)(0.0_ 0.0_ 0.0)

Experience Name,Experience Number,Total Time,User Clickes,HeatMap
Physics Concept,1,32.57031s,0,(4.4_ 0.9_ -2.9)(345.8_ 77.9_ 10.2)(4.8_ -0.1_ -1.7)(8.6_ 301.5_ 329.6)

Experience Name,Experience Number,Total Time,User Clickes,HeatMap
Physics Concept,1,81.18555s,1,(4.4_ 0.8_ -3.0)(355.3_ 76.7_ 1.2)(4.2_ 1.1_ -2.5)(17.7_ 163.5_ 0.9)(2.8_ 1.1_ -1.4)(359.4_ 185.0_ 3.7)(1.3_ 1.0_ -1.9)(34.4_ 240.3_ 2.2)

Experience Name,Experience Number,Total Time,User Clickes,HeatMap
Physics Concept,1,24.88627s,0,(4.5_ 0.0_ -2.4)(0.0_ 0.0_ 0.0)(3.0_ 1.1_ -1.4)(12.6_ 193.8_ 3.6)

Experience Name,Experience Number,Total Time,User Clickes,HeatMap
Physics Concept,1,52.29041s,0,(4.5_ 0.0_ -2.4)(0.0_ 0.0_ 0.0)(4.2_ 0.7_ -2.7)(351.3_ 209.3_ 0.2)(4.2_ 0.7_ -2.7)(351.1_ 209.3_ 0.1)

Experience Name,Experience Number,Total Time,User Clickes,HeatMap
Physics Concept,1,3.560454s,0,(4.2_ 0.7_ -2.7)(351.1_ 209.2_ 0.1)

Experience Name,Experience Number,Total Time,User Clickes,HeatMap
Physics Concept,1,13.32137s,0,(4.2_ 0.7_ -2.7)(351.0_ 209.3_ 0.1)

Experience Name,Experience Number,Total Time,User Clickes,HeatMap
Physics Concept,1,8.240582s,0,(4.5_ 0.0_ -2.4)(0.0_ 0.0_ 0.0)

Experience Name,Experience Number,Total Time,User Clickes,HeatMap
Physics Concept,1,0.1773658s,0,(4.2_ 0.7_ -2.7)(336.9_ 194.7_ 357.2)

Experience Name,Experience Number,Total Time,User Clickes,HeatMap
Physics Concept,1,10.06116s,0,(4.2_ 0.7_ -2.7)(342.4_ 208.8_ 349.6)

Experience Name,Experience Number,Total Time,User Clickes,HeatMap
Physics Concept,1,38.12179s,1,(4.5_ 0.0_ -2.4)(0.0_ 0.0_ 0.0)(1.3_ 1.1_ -2.5)(20.2_ 224.4_ 9.3)

Experience Name,Experience Number,Total Time,User Clickes,HeatMap
Physics Concept,1,31.63196s,0,(4.5_ 0.0_ -2.4)(0.0_ 0.0_ 0.0)(4.1_ 1.1_ -2.3)(18.5_ 201.9_ 5.4)

Experience Name,Experience Number,Total Time,User Clickes,HeatMap
Physics Concept,1,4.664041s,0,(4.4_ 0.9_ -3.1)(356.2_ 72.0_ 1.0)

Experience Name,Experience Number,Total Time,User Clickes,HeatMap
Physics Concept,1,46.14673s,1,(4.4_ 0.9_ -3.1)(355.7_ 84.4_ 1.3)(2.2_ 1.1_ -2.0)(37.9_ 254.9_ 355.6)(1.4_ 1.2_ -1.0)(359.5_ 191.1_ 358.3)

Experience Name,Experience Number,Total Time,User Clickes,HeatMap
Physics Concept,1,22.09471s,1,(4.4_ 0.8_ -3.1)(356.9_ 76.1_ 359.9)

Experience Name,Experience Number,Total Time,User Clickes,HeatMap
Physics Concept,1,16.01038s,0,(4.4_ 0.8_ -3.1)(356.1_ 88.8_ 0.1)

Experience Name,Experience Number,Total Time,User Clickes,HeatMap
Physics Concept,1,20.18085s,0,(4.5_ 0.0_ -2.4)(0.0_ 0.0_ 0.0)

Experience Name,Experience Number,Total Time,User Clickes,HeatMap
Physics Concept,1,14.38645s,0,(4.4_ 0.8_ -3.1)(356.6_ 87.7_ 359.9)

Experience Name,Experience Number,Total Time,User Clickes,HeatMap
Physics Concept,1,66.72361s,0,(4.5_ 0.0_ -2.4)(0.0_ 0.0_ 0.0)(4.5_ 0.0_ -2.4)(0.0_ 0.0_ 0.0)(4.5_ 0.0_ -2.4)(0.0_ 0.0_ 0.0)(4.5_ 0.0_ -2.4)(0.0_ 0.0_ 0.0)(4.5_ 0.0_ -2.4)(0.0_ 0.0_ 0.0)

Experience Name,Experience Number,Total Time,User Clickes,HeatMap
Physics Concept,1,35.96105s,1,(4.5_ 0.0_ -2.4)(0.0_ 0.0_ 0.0)(1.4_ 1.1_ -1.8)(15.7_ 207.8_ 1.9)

Experience Name,Experience Number,Total Time,User Clickes,HeatMap
Physics Concept,1,55.72904s,1,(4.4_ 0.8_ -3.1)(356.4_ 80.7_ 359.6)(4.1_ 1.1_ -2.4)(4.0_ 184.2_ 1.3)(1.9_ 1.1_ -1.4)(11.1_ 206.0_ 2.4)

Experience Name,Experience Number,Total Time,User Clickes,HeatMap
Physics Concept,1,6.439935s,0,(4.2_ 1.1_ -2.5)(11.7_ 155.8_ 357.8)

Experience Name,Experience Number,Total Time,User Clickes,HeatMap
Physics Concept,1,27.46818s,1,(4.4_ 0.8_ -3.1)(356.2_ 94.8_ 359.9)(1.4_ 1.1_ -2.3)(14.9_ 180.7_ 8.9)

Experience Name,Experience Number,Total Time,User Clickes,HeatMap
Physics Concept,1,21.03568s,0,(4.4_ 0.8_ -3.1)(355.5_ 102.4_ 360.0)

Experience Name,Experience Number,Total Time,User Clickes,HeatMap
Physics Concept,1,31.36876s,1,(4.4_ 0.8_ -3.0)(355.2_ 98.9_ 0.3)(1.5_ 1.1_ -2.0)(5.7_ 201.7_ 359.2)

Experience Name,Experience Number,Total Time,User Clickes,HeatMap
Physics Concept,1,24.77052s,0,(4.4_ 0.8_ -3.1)(356.5_ 82.8_ 359.9)(4.4_ 0.8_ -3.1)(3.9_ 64.5_ 355.8)

Experience Name,Experience Number,Total Time,User Clickes,HeatMap
Physics Concept,1,15.03815s,0,(4.4_ 0.8_ -3.1)(356.6_ 69.8_ 359.7)

Experience Name,Experience Number,Total Time,User Clickes,HeatMap
Physics Concept,1,123.4256s,0,(4.4_ 0.8_ -3.1)(356.7_ 69.6_ 359.7)(4.4_ 0.8_ -3.2)(354.5_ 117.2_ 1.2)(4.4_ 0.8_ -3.2)(356.4_ 118.6_ 1.8)(4.4_ 0.8_ -3.2)(356.3_ 118.7_ 1.8)(4.4_ 0.8_ -3.2)(356.2_ 118.5_ 1.6)(4.1_ 1.1_ -2.5)(16.8_ 190.0_ 358.8)

Experience Name,Experience Number,Total Time,User Clickes,HeatMap
Physics Concept,1,24.65927s,0,(4.5_ 0.9_ -3.1)(356.6_ 68.9_ 1.5)(4.4_ 0.8_ -3.2)(355.2_ 137.0_ 359.9)

Experience Name,Experience Number,Total Time,User Clickes,HeatMap
Physics Concept,1,20.66016s,0,(4.4_ 0.8_ -3.2)(355.0_ 137.0_ 359.9)(4.0_ 1.1_ -2.4)(6.2_ 191.6_ 1.7)

Experience Name,Experience Number,Total Time,User Clickes,HeatMap
Physics Concept,1,8.578934s,0,(4.5_ 0.0_ -2.4)(0.0_ 0.0_ 0.0)

Experience Name,Experience Number,Total Time,User Clickes,HeatMap
Physics Concept,1,12.70218s,0,(4.4_ 0.8_ -3.1)(356.5_ 69.8_ 359.9)

Experience Name,Experience Number,Total Time,User Clickes,HeatMap
Physics Concept,1,17.89918s,0,(4.5_ 0.0_ -2.4)(0.0_ 0.0_ 0.0)

Experience Name,Experience Number,Total Time,User Clickes,HeatMap
Physics Concept,1,22.55655s,0,(4.5_ 0.8_ -3.1)(356.4_ 73.1_ 0.4)(4.1_ 1.1_ -2.4)(3.7_ 186.1_ 356.7)

Experience Name,Experience Number,Total Time,User Clickes,HeatMap
Physics Concept,1,30.72971s,0,(4.4_ 0.8_ -3.1)(357.3_ 68.7_ 0.1)(4.4_ 1.0_ -2.9)(18.5_ 69.8_ 17.9)(4.3_ 0.8_ -3.1)(3.3_ 71.6_ 354.5)

Experience Name,Experience Number,Total Time,User Clickes,HeatMap
Physics Concept,1,1.423391s,0,(4.5_ 0.0_ -2.4)(0.0_ 0.0_ 0.0)

Experience Name,Experience Number,Total Time,User Clickes,HeatMap
Physics Concept,1,18.5222s,0,(4.4_ 0.8_ -3.1)(356.4_ 70.3_ 0.2)

Experience Name,Experience Number,Total Time,User Clickes,HeatMap
Physics Concept,1,12.04914s,0,(4.4_ 0.8_ -3.1)(356.9_ 75.4_ 2.0)

Experience Name,Experience Number,Total Time,User Clickes,HeatMap
Physics Concept,1,63.06s,0,(4.5_ 0.0_ -2.4)(0.0_ 0.0_ 0.0)(4.4_ 0.8_ -3.2)(353.6_ 167.7_ 359.8)(4.4_ 0.8_ -3.2)(353.6_ 167.8_ 359.8)(4.3_ 0.7_ -2.8)(341.4_ 174.9_ 359.2)

Experience Name,Experience Number,Total Time,User Clickes,HeatMap
Physics Concept,1,21.81378s,0,(4.4_ 0.8_ -3.2)(353.3_ 166.9_ 359.7)(4.4_ 0.8_ -3.1)(348.5_ 171.7_ 0.1)

Experience Name,Experience Number,Total Time,User Clickes,HeatMap
Physics Concepts,1,15.56571s,0,(4.5_ 0.0_ -2.4)(0.0_ 0.0_ 0.0)

Experience Name,Experience Number,Total Time,User Clickes,HeatMap
Physics Concept,1,39.35764s,0,(4.2_ 1.2_ -2.5)(351.9_ 176.3_ 1.3)(4.4_ 0.8_ -3.1)(2.6_ 70.4_ 356.1)

Experience Name,Experience Number,Total Time,User Clickes,HeatMap
Physics Concept,1,21.10505s,0,(4.4_ 0.8_ -3.1)(356.6_ 72.0_ 0.1)(4.4_ 0.8_ -3.2)(354.2_ 155.9_ 1.1)

Experience Name,Experience Number,Total Time,User Clickes,HeatMap
Physics Concept,1,41.41798s,1,(4.5_ 0.0_ -2.4)(0.0_ 0.0_ 0.0)(4.2_ 0.9_ -2.7)(3.0_ 164.7_ 5.2)(1.5_ 1.1_ -1.8)(356.2_ 192.1_ 359.9)

Experience Name,Experience Number,Total Time,User Clickes,HeatMap
Physics Concept,1,16.44212s,0,(4.3_ 0.8_ -2.8)(331.8_ 159.1_ 4.6)(4.3_ 0.8_ -3.1)(338.7_ 158.4_ 3.9)

Experience Name,Experience Number,Total Time,User Clickes,HeatMap
Physics Concept,1,8.646617s,0,(4.3_ 0.8_ -3.2)(348.3_ 169.3_ 360.0)

Experience Name,Experience Number,Total Time,User Clickes,HeatMap
Physics Concepts,1,10.25112s,0,(4.5_ 0.0_ -2.4)(0.0_ 0.0_ 0.0)

Experience Name,Experience Number,Total Time,User Clickes,HeatMap
Physics Concept,1,66.23369s,1,(4.0_ 0.7_ -2.8)(324.1_ 175.8_ 1.8)(4.1_ 1.3_ -2.7)(349.3_ 150.6_ 3.1)(1.1_ 1.1_ -2.1)(17.1_ 211.5_ 2.0)(1.5_ 1.1_ -1.3)(5.7_ 185.3_ 1.6)

Experience Name,Experience Number,Total Time,User Clickes,HeatMap
Physics Concept,1,22.35724s,0,(4.5_ 0.0_ -2.4)(0.0_ 0.0_ 0.0)(4.1_ 1.2_ -2.5)(349.3_ 188.9_ 2.7)

Experience Name,Experience Number,Total Time,User Clickes,HeatMap
Physics Concept,1,92.71735s,1,(4.5_ 0.0_ -2.4)(0.0_ 0.0_ 0.0)(2.7_ 1.1_ -2.3)(16.0_ 244.4_ 0.8)(1.5_ 1.1_ -2.5)(0.6_ 187.7_ 6.4)(1.5_ 1.1_ -2.4)(6.8_ 190.2_ 6.3)(1.8_ 0.8_ -2.4)(356.9_ 70.4_ 0.4)

Experience Name,Experience Number,Total Time,User Clickes,HeatMap
Physics Concept,1,49.21819s,0,(4.5_ 0.0_ -2.4)(0.0_ 0.0_ 0.0)(4.5_ 0.0_ -2.4)(0.0_ 0.0_ 0.0)(4.5_ 0.0_ -2.4)(0.0_ 0.0_ 0.0)

Experience Name,Experience Number,Total Time,User Clickes,HeatMap
Physics Concept,1,49.92203s,0,(4.5_ 0.0_ -2.4)(0.0_ 0.0_ 0.0)(4.5_ 0.0_ -2.4)(0.0_ 0.0_ 0.0)(4.5_ 0.0_ -2.4)(0.0_ 0.0_ 0.0)

Experience Name,Experience Number,Total Time,User Clickes,HeatMap
Physics Concept,1,14.05462s,0,(4.5_ 0.0_ -2.4)(0.0_ 0.0_ 0.0)

Experience Name,Experience Number,Total Time,User Clickes,HeatMap
Physics Concept,1,52.72984s,1,(4.4_ 0.9_ -3.0)(348.2_ 73.1_ 10.1)(4.1_ 1.1_ -2.4)(359.7_ 176.3_ 0.3)(1.5_ 1.1_ -2.1)(9.7_ 207.5_ 1.3)

Experience Name,Experience Number,Total Time,User Clickes,HeatMap
Physics Concept,1,82.14682s,2,(4.5_ 0.0_ -2.4)(0.0_ 0.0_ 0.0)(1.7_ 1.1_ -1.7)(28.7_ 176.0_ 5.1)(1.9_ 1.0_ -2.4)(44.1_ 194.5_ 7.0)(1.2_ 1.1_ -2.2)(32.4_ 209.8_ 10.7)

Experience Name,Experience Number,Total Time,User Clickes,HeatMap
Physics Concept,1,20.34041s,0,(4.4_ 0.8_ -3.1)(356.4_ 74.9_ 0.3)

Experience Name,Experience Number,Total Time,User Clickes,HeatMap
Physics Concept,1,28.23306s,0,(4.4_ 0.8_ -3.1)(356.1_ 89.1_ 0.5)(1.5_ 0.9_ -2.5)(5.8_ 68.2_ 0.5)

Experience Name,Experience Number,Total Time,User Clickes,HeatMap
Physics Concept,1,71.53906s,0,(4.5_ 0.8_ -3.1)(357.6_ 66.7_ 0.4)(1.6_ 0.8_ -2.5)(357.0_ 79.2_ 0.4)(1.3_ 1.0_ -1.1)(24.6_ 356.3_ 35.5)(1.2_ 0.8_ -2.5)(355.4_ 75.8_ 0.6)

Experience Name,Experience Number,Total Time,User Clickes,HeatMap
Physics Concept,1,2.207451s,0,(4.4_ 0.8_ -3.1)(356.5_ 76.0_ 0.4)

Experience Name,Experience Number,Total Time,User Clickes,HeatMap
Physics Concept,1,1.974085s,0,(4.4_ 0.8_ -3.1)(356.5_ 76.0_ 0.4)

Experience Name,Experience Number,Total Time,User Clickes,HeatMap
Physics Concept,1,0.7509889s,0,(4.4_ 0.8_ -3.1)(356.5_ 76.0_ 0.4)

Experience Name,Experience Number,Total Time,User Clickes,HeatMap
Physics Concept,1,0.7001536s,0,(4.4_ 0.8_ -3.1)(356.5_ 76.0_ 0.4)

Experience Name,Experience Number,Total Time,User Clickes,HeatMap
Physics Concept,1,1.229492s,0,(4.4_ 0.8_ -3.1)(356.5_ 76.0_ 0.4)

Experience Name,Experience Number,Total Time,User Clickes,HeatMap
Physics Concept,1,2.246549s,0,(4.4_ 0.8_ -3.1)(356.5_ 76.0_ 0.4)

Experience Name,Experience Number,Total Time,User Clickes,HeatMap
Physics Concept,1,1.302889s,0,(4.4_ 0.8_ -3.1)(356.5_ 76.0_ 0.4)

Experience Name,Experience Number,Total Time,User Clickes,HeatMap
Physics Concept,1,23.32546s,0,(4.4_ 0.8_ -3.1)(356.4_ 76.0_ 0.4)

Experience Name,Experience Number,Total Time,User Clickes,HeatMap
Physics Concept,1,20.34407s,0,(4.4_ 0.8_ -3.1)(356.4_ 76.0_ 0.4)

Experience Name,Experience Number,Total Time,User Clickes,HeatMap
Physics Concept,1,23.27164s,0,(4.4_ 0.8_ -3.1)(356.4_ 76.0_ 0.4)

Experience Name,Experience Number,Total Time,User Clickes,HeatMap
Physics Concept,1,10.92758s,0,(4.4_ 0.8_ -3.1)(356.5_ 76.0_ 0.4)

Experience Name,Experience Number,Total Time,User Clickes,HeatMap
Physics Concept,1,13.28967s,0,(4.4_ 0.8_ -3.1)(356.5_ 76.0_ 0.4)

Experience Name,Experience Number,Total Time,User Clickes,HeatMap
Physics Concept,1,20.66593s,0,(4.4_ 0.8_ -3.1)(356.5_ 76.0_ 0.4)

Experience Name,Experience Number,Total Time,User Clickes,HeatMap
Physics Concept,1,21.25824s,0,(4.4_ 0.8_ -3.1)(356.5_ 76.1_ 0.4)

Experience Name,Experience Number,Total Time,User Clickes,HeatMap
Physics Concept,1,49.16724s,0,(4.4_ 0.8_ -3.1)(356.5_ 76.0_ 0.4)(2.4_ 1.1_ -2.1)(20.8_ 234.1_ 6.6)(1.4_ 1.2_ -2.5)(341.0_ 169.3_ 2.7)

Experience Name,Experience Number,Total Time,User Clickes,HeatMap
Physics Concept,1,12.52932s,0,(4.5_ 0.0_ -2.4)(0.0_ 0.0_ 0.0)

Experience Name,Experience Number,Total Time,User Clickes,HeatMap
Physics Concept,1,8.663036s,0,(4.4_ 0.8_ -3.1)(357.0_ 70.2_ 359.6)

Experience Name,Experience Number,Total Time,User Clickes,HeatMap
Physics Concept,1,5.010843s,0,(4.4_ 0.8_ -3.1)(356.5_ 71.7_ 0.1)

Experience Name,Experience Number,Total Time,User Clickes,HeatMap
Physics Concept,1,46.16742s,1,(4.3_ 1.1_ -2.8)(2.3_ 78.4_ 8.4)(1.5_ 1.1_ -1.7)(19.9_ 209.8_ 6.3)

Experience Name,Experience Number,Total Time,User Clickes,HeatMap
Physics Concept,1,25.94021s,1,(4.5_ 0.0_ -2.4)(0.0_ 0.0_ 0.0)(1.6_ 0.8_ -2.4)(2.9_ 69.1_ 353.5)

Experience Name,Experience Number,Total Time,User Clickes,HeatMap
Physics Concept,1,13.86485s,0,(4.4_ 0.8_ -3.1)(356.8_ 76.4_ 0.5)

Experience Name,Experience Number,Total Time,User Clickes,HeatMap
Physics Concept,1,21.80243s,0,(4.4_ 0.8_ -3.1)(356.7_ 76.1_ 0.4)

Experience Name,Experience Number,Total Time,User Clickes,HeatMap
Physics Concept,1,14.87461s,0,(4.5_ 0.0_ -2.4)(0.0_ 0.0_ 0.0)

Experience Name,Experience Number,Total Time,User Clickes,HeatMap
Physics Concept,1,32.47731s,0,(4.4_ 0.8_ -3.1)(356.2_ 90.4_ 0.4)(4.5_ 0.0_ -2.4)(0.0_ 0.0_ 0.0)

Experience Name,Experience Number,Total Time,User Clickes,HeatMap
Physics Concept,1,16.40325s,0,(4.5_ 0.0_ -2.4)(0.0_ 0.0_ 0.0)

Experience Name,Experience Number,Total Time,User Clickes,HeatMap
Physics Concept,1,22.5087s,0,(4.4_ 0.8_ -3.1)(355.4_ 90.7_ 359.5)

Experience Name,Experience Number,Total Time,User Clickes,HeatMap
Physics Concepts,1,8.772833s,0,(4.4_ 0.8_ -3.1)(356.1_ 88.5_ 359.7)

Experience Name,Experience Number,Total Time,User Clickes,HeatMap
Physics Concept,1,39.25225s,1,(4.2_ 1.1_ -2.5)(355.2_ 177.9_ 3.7)(1.1_ 1.1_ -2.3)(24.1_ 214.0_ 9.6)

Experience Name,Experience Number,Total Time,User Clickes,HeatMap
Physics Concept,1,15.40108s,0,(4.4_ 0.8_ -3.1)(356.2_ 76.4_ 359.4)(1.6_ 0.8_ -2.5)(356.4_ 73.9_ 358.8)

Experience Name,Experience Number,Total Time,User Clickes,HeatMap
Physics Concept,1,177.9409s,18,(4.4_ 0.8_ -3.1)(356.4_ 73.9_ 359.3)(4.0_ 1.1_ -2.6)(20.0_ 179.5_ 4.8)(1.3_ 1.1_ -2.1)(15.3_ 217.1_ 5.5)(2.1_ 1.0_ -2.6)(52.2_ 236.4_ 359.5)(1.8_ 1.1_ -2.6)(24.1_ 242.3_ 12.8)(1.8_ 1.0_ -7.5)(34.0_ 254.2_ 8.0)(1.8_ 1.1_ -6.5)(11.4_ 297.0_ 8.3)(0.3_ 1.1_ -4.5)(14.7_ 188.3_ 8.0)(4.3_ 1.1_ -7.7)(358.0_ 230.9_ 11.8)(1.7_ 1.0_ -10.7)(30.3_ 206.1_ 8.3)(2.1_ 1.1_ -10.2)(350.2_ 329.5_ 7.3)(3.2_ 1.1_ -6.7)(5.3_ 323.9_ 5.4)

Experience Name,Experience Number,Total Time,User Clickes,HeatMap
Physics Concept,1,33.75573s,3,(4.4_ 0.8_ -3.1)(356.1_ 75.4_ 359.9)(2.3_ 1.0_ -2.1)(38.1_ 186.2_ 2.9)

Experience Name,Experience Number,Total Time,User Clickes,HeatMap
Physics Concept,1,28.07772s,2,(4.4_ 0.9_ -3.0)(358.4_ 66.7_ 12.2)(3.6_ 1.1_ -2.8)(25.1_ 212.6_ 4.9)

Experience Name,Experience Number,Total Time,User Clickes,HeatMap
Physics Concepts,1,26.64153s,0,(4.5_ 0.0_ -2.4)(0.0_ 0.0_ 0.0)(1.7_ 1.1_ -3.8)(3.3_ 154.4_ 0.6)

Experience Name,Experience Number,Total Time,User Clickes,HeatMap
Physics Concept,1,33.43317s,0,(4.2_ 1.1_ -2.3)(353.8_ 176.1_ 2.1)

Experience Name,Experience Number,Total Time,User Clickes,HeatMap
Physics Concepts,1,11.44269s,0,(4.2_ 1.2_ -2.5)(352.9_ 172.8_ 359.9)

Experience Name,Experience Number,Total Time,User Clickes,HeatMap
Physics Concepts,1,23.5994s,0,(4.2_ 1.2_ -2.5)(350.9_ 175.5_ 1.4)

Experience Name,Experience Number,Total Time,User Clickes,HeatMap
Physics Concept,1,32.78439s,0,(4.2_ 1.1_ -2.2)(355.5_ 176.2_ 359.8)

Experience Name,Experience Number,Total Time,User Clickes,HeatMap
Physics Concept,1,7.671494s,0,(4.4_ 0.8_ -2.2)(331.0_ 33.2_ 356.1)

Experience Name,Experience Number,Total Time,User Clickes,HeatMap
Physics Concept,1,2.902985s,0,(3.9_ 0.0_ -2.4)(0.0_ 270.0_ 0.0)

Experience Name,Experience Number,Total Time,User Clickes,HeatMap
Physics Concept,1,14.50996s,0,(3.9_ 0.0_ -2.4)(0.0_ 270.0_ 0.0)

Experience Name,Experience Number,Total Time,User Clickes,HeatMap
Physics Concept,1,6.282601s,0,(3.9_ 0.0_ -2.4)(0.0_ 270.0_ 0.0)

Experience Name,Experience Number,Total Time,User Clickes,HeatMap
Physics Concept,1,40.67653s,0,(3.9_ 0.0_ -2.4)(0.0_ 270.0_ 0.0)(3.7_ 0.8_ -2.5)(323.8_ 286.6_ 347.5)

Experience Name,Experience Number,Total Time,User Clickes,HeatMap
Physics Concept,1,16.23524s,0,(3.9_ 0.0_ -2.4)(0.0_ 270.0_ 0.0)

Experience Name,Experience Number,Total Time,User Clickes,HeatMap
Physics Concept,1,39.42827s,0,(3.9_ 0.0_ -2.4)(0.0_ 270.0_ 0.0)(3.2_ 0.9_ -2.5)(356.0_ 278.0_ 0.0)

Experience Name,Experience Number,Total Time,User Clickes,HeatMap
Physics Concept,1,29.16928s,0,(3.9_ 0.0_ -2.4)(0.0_ 270.0_ 0.0)(3.2_ 0.9_ -2.4)(357.1_ 279.7_ 0.0)

Experience Name,Experience Number,Total Time,User Clickes,HeatMap
Physics Concept,1,29.89146s,0,(3.9_ 0.0_ -2.4)(0.0_ 270.0_ 0.0)

Experience Name,Experience Number,Total Time,User Clickes,HeatMap
Physics Concept,1,0.12s,0,(3.9_ 0.0_ -2.4)(0.0_ 270.0_ 0.0)

Experience Name,Experience Number,Total Time,User Clickes,HeatMap
Physics Concept,1,10.89148s,0,(3.9_ 0.0_ -2.4)(0.0_ 270.0_ 0.0)

Experience Name,Experience Number,Total Time,User Clickes,HeatMap
Physics Concept,1,23.48757s,0,(3.9_ 0.0_ -2.4)(0.0_ 270.0_ 0.0)(3.2_ 0.9_ -2.4)(357.3_ 279.8_ 0.2)

Experience Name,Experience Number,Total Time,User Clickes,HeatMap
Physics Concept,1,204.0969s,18,(3.9_ 0.0_ -2.4)(0.0_ 270.0_ 0.0)(2.9_ 1.2_ -2.3)(4.4_ 216.2_ 1.2)(2.1_ 1.1_ -2.8)(28.2_ 250.1_ 11.9)(2.1_ 1.0_ -6.0)(50.6_ 259.5_ 11.3)(0.0_ 1.1_ -7.9)(34.1_ 321.7_ 7.2)(3.5_ 1.2_ -8.1)(14.1_ 190.1_ 3.6)(2.7_ 1.2_ -11.7)(9.4_ 272.3_ 1.3)(4.1_ 0.9_ -9.5)(62.6_ 313.7_ 5.0)

Experience Name,Experience Number,Total Time,User Clickes,HeatMap
Physics Concept,1,22.35568s,0,(3.9_ 0.0_ -2.4)(0.0_ 270.0_ 0.0)

Experience Name,Experience Number,Total Time,User Clickes,HeatMap
Physics Concepts,1,18.57949s,0,(3.9_ 0.0_ -2.4)(0.0_ 270.0_ 0.0)

Experience Name,Experience Number,Total Time,User Clickes,HeatMap
Physics Concept,1,24.91239s,0,(4.0_ 1.2_ -2.4)(2.0_ 273.2_ 2.1)

Experience Name,Experience Number,Total Time,User Clickes,HeatMap
Physics Concept,1,0.3485532s,0,(3.9_ 0.0_ -2.4)(0.0_ 270.0_ 0.0)

Experience Name,Experience Number,Total Time,User Clickes,HeatMap
Physics Concept,1,82.95552s,9,(3.9_ 0.0_ -2.4)(0.0_ 270.0_ 0.0)(3.1_ 1.1_ -2.1)(46.6_ 298.8_ 8.4)(0.8_ 1.1_ -7.7)(28.9_ 312.7_ 5.2)(5.1_ 1.1_ -12.1)(22.2_ 144.8_ 8.7)

Experience Name,Experience Number,Total Time,User Clickes,HeatMap
Physics Concept,1,6.624183s,0,(3.9_ 0.0_ -2.4)(0.0_ 270.0_ 0.0)

Experience Name,Experience Number,Total Time,User Clickes,HeatMap
Physics Concept,1,0.1689242s,0,(3.9_ 0.0_ -2.4)(0.0_ 270.0_ 0.0)

Experience Name,Experience Number,Total Time,User Clickes,HeatMap
Physics Concept,1,33.61737s,1,(3.9_ 0.0_ -2.4)(0.0_ 270.0_ 0.0)

Experience Name,Experience Number,Total Time,User Clickes,HeatMap
Physics Concept,1,34.85577s,2,(3.9_ 0.0_ -2.4)(0.0_ 270.0_ 0.0)

Experience Name,Experience Number,Total Time,User Clickes,HeatMap
Physics Concept,1,4.637216s,0,(3.9_ 0.0_ -2.4)(0.0_ 270.0_ 0.0)

Experience Name,Experience Number,Total Time,User Clickes,HeatMap
Physics Concept,1,43.70151s,3,(3.9_ 0.0_ -2.4)(0.0_ 270.0_ 0.0)(3.9_ 1.2_ -7.8)(16.9_ 173.5_ 8.9)

Experience Name,Experience Number,Total Time,User Clickes,HeatMap
Physics Concept,1,2.412793s,0,(3.9_ 0.0_ -2.4)(0.0_ 270.0_ 0.0)

Experience Name,Experience Number,Total Time,User Clickes,HeatMap
Physics Concept,1,25.32213s,0,(3.9_ 0.0_ -2.4)(0.0_ 270.0_ 0.0)

Experience Name,Experience Number,Total Time,User Clickes,HeatMap
Physics Concept,1,13.65644s,0,(3.9_ 0.0_ -2.4)(0.0_ 270.0_ 0.0)

Experience Name,Experience Number,Total Time,User Clickes,HeatMap
Physics Concept,1,53.53252s,0,(3.9_ 0.0_ -2.4)(0.0_ 270.0_ 0.0)(1.0_ 1.1_ -2.5)(35.9_ 240.7_ 9.6)

Experience Name,Experience Number,Total Time,User Clickes,HeatMap
Physics Concept,1,28.03614s,0,(3.9_ 0.0_ -2.4)(0.0_ 270.0_ 0.0)(3.3_ 1.0_ -2.5)(17.1_ 187.0_ 336.8)

Experience Name,Experience Number,Total Time,User Clickes,HeatMap
Physics Concepts,1,13.85487s,0,(3.9_ 0.0_ -2.4)(0.0_ 270.0_ 0.0)

Experience Name,Experience Number,Total Time,User Clickes,HeatMap
Physics Concept,1,275.3703s,33,(3.9_ 0.0_ -2.4)(0.0_ 270.0_ 0.0)(1.7_ 1.5_ -2.4)(35.8_ 232.2_ 14.2)(2.4_ 1.1_ -2.8)(47.9_ 251.4_ 38.0)(0.8_ 1.6_ -6.7)(24.9_ 345.1_ 2.5)(2.0_ 1.2_ -3.0)(70.5_ 23.0_ 15.3)(3.9_ 1.6_ -8.0)(34.3_ 147.7_ 0.1)(3.8_ 1.6_ -8.0)(46.6_ 144.4_ 4.2)(3.8_ 1.6_ -8.3)(34.3_ 149.0_ 6.6)(4.0_ 1.6_ -8.1)(38.4_ 111.9_ 3.1)(3.8_ 1.6_ -7.9)(13.9_ 296.2_ 3.0)

Experience Name,Experience Number,Total Time,User Clickes,HeatMap
Physics Concept,1,82.30611s,5,(3.9_ 0.0_ -2.4)(0.0_ 270.0_ 0.0)(2.3_ 1.1_ -2.7)(22.7_ 252.7_ 9.5)(2.0_ 1.0_ -2.7)(49.7_ 216.9_ 4.8)(2.0_ 1.1_ -2.2)(39.3_ 201.5_ 4.0)

Experience Name,Experience Number,Total Time,User Clickes,HeatMap
Physics Concept,1,213.9995s,14,(3.9_ 0.0_ -2.4)(0.0_ 270.0_ 0.0)(1.3_ 1.1_ -2.3)(46.5_ 196.9_ 6.4)(2.1_ 1.1_ -2.0)(32.6_ 202.3_ 7.3)(1.7_ 1.1_ -2.6)(27.8_ 226.3_ 13.4)(0.5_ 1.1_ -6.7)(21.9_ 324.0_ 13.1)(2.3_ 1.2_ -6.3)(5.3_ 278.5_ 4.6)(0.9_ 1.2_ -4.4)(8.8_ 230.2_ 5.2)(0.9_ 1.2_ -4.5)(15.9_ 219.5_ 11.9)(-0.4_ 1.1_ -5.9)(45.5_ 129.5_ 1.7)

Experience Name,Experience Number,Total Time,User Clickes,HeatMap
Physics Concept,1,30.20562s,0,(3.9_ 0.0_ -2.4)(0.0_ 270.0_ 0.0)(3.3_ 0.9_ -2.5)(358.7_ 203.3_ 0.1)

Experience Name,Experience Number,Total Time,User Clickes,HeatMap
Physics Concept,1,4.118202s,0,(3.9_ 0.0_ -2.4)(0.0_ 270.0_ 0.0)

Experience Name,Experience Number,Total Time,User Clickes,HeatMap
Physics Concept,1,46.50062s,0,(3.9_ 0.0_ -2.4)(0.0_ 270.0_ 0.0)(0.7_ 1.2_ -4.5)(10.5_ 240.4_ 12.3)

Experience Name,Experience Number,Total Time,User Clickes,HeatMap
Physics Concept,1,92.05152s,8,(3.9_ 0.0_ -2.4)(0.0_ 270.0_ 0.0)(3.6_ 1.1_ -9.2)(34.9_ 190.7_ 8.7)(4.1_ 1.2_ -10.7)(13.3_ 172.1_ 7.1)(3.8_ 1.2_ -10.6)(358.9_ 206.8_ 1.8)

Experience Name,Experience Number,Total Time,User Clickes,HeatMap
Physics Concept,1,14.19567s,0,(3.9_ 0.0_ -2.4)(0.0_ 270.0_ 0.0)

Experience Name,Experience Number,Total Time,User Clickes,HeatMap
Physics Concepts,1,142.3654s,8,(3.9_ 0.0_ -2.4)(0.0_ 270.0_ 0.0)(3.6_ 1.2_ -2.7)(14.0_ 211.2_ 6.4)(3.5_ 1.2_ -8.0)(21.7_ 299.4_ 0.1)(3.8_ 1.2_ -8.4)(0.8_ 114.1_ 25.8)(3.8_ 1.2_ -8.2)(348.8_ 304.0_ 354.1)(1.1_ 1.1_ -2.1)(46.1_ 266.2_ 1.0)

Experience Name,Experience Number,Total Time,User Clickes,HeatMap
Physics Concept,1,194.0222s,1,(3.9_ 0.0_ -2.4)(0.0_ 270.0_ 0.0)(3.2_ 1.2_ -4.7)(14.6_ 154.9_ 6.3)

Experience Name,Experience Number,Total Time,User Clickes,HeatMap
Physics Concept,1,15.13549s,0,(3.9_ 0.0_ -2.4)(0.0_ 270.0_ 0.0)

Experience Name,Experience Number,Total Time,User Clickes,HeatMap
Physics Concept,1,277.4843s,0,(3.9_ 0.0_ -2.4)(0.0_ 270.0_ 0.0)(4.2_ 1.6_ -3.0)(2.0_ 242.6_ 352.8)(4.2_ 1.6_ -3.0)(7.9_ 177.2_ 353.7)(4.2_ 1.6_ -2.9)(19.0_ 229.4_ 349.9)(4.4_ 1.5_ -7.7)(39.4_ 199.6_ 336.1)(4.4_ 1.6_ -7.9)(0.6_ 143.6_ 347.5)(5.4_ 1.6_ -8.3)(2.0_ 164.8_ 354.5)(5.1_ 1.6_ -8.9)(9.2_ 152.1_ 335.5)(5.4_ 1.6_ -8.3)(31.3_ 217.8_ 346.1)(4.2_ 0.9_ -8.5)(358.2_ 276.9_ 0.8)(4.2_ 0.9_ -8.5)(358.2_ 276.9_ 0.8)(4.2_ 0.9_ -8.5)(358.2_ 276.9_ 0.8)(4.2_ 0.9_ -8.5)(358.2_ 275.4_ 0.7)

Experience Name,Experience Number,Total Time,User Clickes,HeatMap
Physics Concept,1,40.11711s,0,(3.9_ 0.0_ -2.4)(0.0_ 270.0_ 0.0)(4.1_ 1.6_ -2.9)(351.2_ 249.7_ 355.6)(4.2_ 1.6_ -2.9)(2.3_ 242.0_ 356.3)

Experience Name,Experience Number,Total Time,User Clickes,HeatMap
Physics Concept,1,70.15878s,0,(3.9_ 0.0_ -2.4)(0.0_ 270.0_ 0.0)(1.3_ 1.2_ -4.5)(341.4_ 249.3_ 4.8)(2.4_ 1.2_ -4.5)(358.7_ 262.1_ 2.8)(1.8_ 0.9_ -2.9)(358.8_ 189.0_ 0.0)

Experience Name,Experience Number,Total Time,User Clickes,HeatMap
Physics Concept,1,20.84836s,0,(3.9_ 0.0_ -2.4)(0.0_ 270.0_ 0.0)

Experience Name,Experience Number,Total Time,User Clickes,HeatMap
Physics Concept,1,10.24659s,0,(3.9_ 0.0_ -2.4)(0.0_ 270.0_ 0.0)

Experience Name,Experience Number,Total Time,User Clickes,HeatMap
Physics Concept,1,17.37578s,0,(3.9_ 0.0_ -2.4)(0.0_ 270.0_ 0.0)

Experience Name,Experience Number,Total Time,User Clickes,HeatMap
Physics Concept,1,14.1412s,0,(3.9_ 0.0_ -2.4)(0.0_ 270.0_ 0.0)

Experience Name,Experience Number,Total Time,User Clickes,HeatMap
Physics Concept,1,25.12136s,0,(3.9_ 0.0_ -2.4)(0.0_ 270.0_ 0.0)

Experience Name,Experience Number,Total Time,User Clickes,HeatMap
Physics Concept,1,18.31328s,0,(0.0_ 0.0_ 0.0)(0.0_ 180.0_ 0.0)(0.0_ 0.5_ 0.0)(13.8_ 176.8_ 5.2)

Experience Name,Experience Number,Total Time,User Clickes,HeatMap
Physics Concept,1,25.90722s,0,(0.0_ 0.0_ 0.0)(0.0_ 180.0_ 0.0)(-0.1_ 0.0_ -0.2)(16.7_ 179.2_ 2.2)

Experience Name,Experience Number,Total Time,User Clickes,HeatMap
Physics Concept,1,16.3381s,0,(0.0_ 0.0_ 0.0)(0.0_ 180.0_ 0.0)(-0.1_ 0.1_ -0.2)(357.5_ 183.5_ 0.4)

Experience Name,Experience Number,Total Time,User Clickes,HeatMap
Physics Concept,1,13.21557s,0,(3.9_ 0.0_ -2.4)(0.0_ 270.0_ 0.0)

Experience Name,Experience Number,Total Time,User Clickes,HeatMap
Physics Concept,1,14.23455s,0,(3.9_ 0.0_ -2.4)(0.0_ 270.0_ 0.0)

Experience Name,Experience Number,Total Time,User Clickes,HeatMap
Physics Concept,1,55.27156s,0,(3.9_ 0.0_ -2.4)(0.0_ 270.0_ 0.0)(4.1_ 1.5_ -1.8)(315.4_ 327.7_ 4.3)(2.5_ -3817.9_ 5.8)(17.2_ 169.4_ 355.8)

Experience Name,Experience Number,Total Time,User Clickes,HeatMap
Physics Concepts,1,591.2828s,6,(3.9_ 0.0_ -2.4)(0.0_ 270.0_ 0.0)(2.0_ 1.1_ -2.8)(51.6_ 246.7_ 17.2)(2.1_ 1.5_ -2.6)(8.0_ 251.2_ 5.6)(1.1_ 1.3_ -2.4)(35.0_ 217.5_ 16.7)(1.0_ 1.3_ -2.4)(54.6_ 189.7_ 20.7)(0.9_ 1.0_ -2.2)(340.1_ 187.0_ 3.4)(0.9_ 1.0_ -1.9)(24.0_ 171.6_ 1.7)(-0.6_ 1.4_ -4.0)(19.4_ 159.3_ 2.6)(1.9_ 1.3_ -5.8)(53.7_ 277.0_ 15.6)(1.5_ 1.5_ -6.3)(2.7_ 323.9_ 5.1)(2.1_ 0.8_ -3.1)(70.3_ 294.6_ 32.2)(-0.1_ 1.4_ -5.6)(41.7_ 53.7_ 18.4)(2.0_ 1.5_ -6.7)(337.5_ 296.5_ 0.5)(1.2_ 1.4_ -6.2)(29.3_ 280.7_ 13.4)(0.3_ 1.4_ -6.3)(37.4_ 330.5_ 11.0)(0.0_ 1.4_ -6.2)(23.7_ 41.8_ 8.9)(0.6_ 1.5_ -6.7)(0.4_ 275.1_ 4.5)(3.6_ 1.4_ -7.3)(15.2_ 170.6_ 3.8)(3.1_ 0.5_ -8.0)(70.2_ 36.3_ 131.6)(3.0_ 1.5_ -7.9)(347.7_ 201.1_ 9.8)(3.0_ 1.5_ -8.0)(4.1_ 173.4_ 356.1)(3.0_ 1.4_ -8.0)(25.3_ 189.4_ 1.6)(3.0_ 1.5_ -7.9)(352.7_ 199.6_ 358.1)

Experience Name,Experience Number,Total Time,User Clickes,HeatMap
Physics Concepts,1,656.9246s,0,(3.9_ 0.0_ -2.4)(0.0_ 270.0_ 0.0)

Experience Name,Experience Number,Total Time,User Clickes,HeatMap
Physics Concept,1,802.5512s,6,(3.9_ 0.0_ -2.4)(0.0_ 270.0_ 0.0)(4.0_ 1.5_ -8.1)(345.8_ 198.9_ 6.2)(4.0_ 1.5_ -8.1)(5.8_ 198.7_ 4.0)(3.9_ 1.5_ -8.1)(347.0_ 189.0_ 352.0)(4.0_ 1.4_ -8.1)(17.3_ 158.1_ 2.8)

Experience Name,Experience Number,Total Time,User Clickes,HeatMap
Physics Concept,1,20.73878s,0,(3.9_ 0.0_ -2.4)(0.0_ 270.0_ 0.0)

Experience Name,Experience Number,Total Time,User Clickes,HeatMap
Physics Concept,1,169.8381s,0,(3.9_ 0.0_ -2.4)(0.0_ 270.0_ 0.0)(-1.6_ 1.1_ -2.2)(17.9_ 188.2_ 0.1)(1.9_ 1.1_ -12.7)(19.0_ 131.8_ 4.1)(7.3_ 1.2_ -8.9)(5.5_ 9.8_ 354.4)(8.1_ 1.1_ 0.0)(18.1_ 288.3_ 1.9)(6.1_ 1.1_ 0.1)(18.8_ 277.0_ 0.5)(-0.4_ 1.2_ -0.4)(15.9_ 287.3_ 2.0)

Experience Name,Experience Number,Total Time,User Clickes,HeatMap
Physics Concepts,1,8.704169s,0,(3.9_ 0.0_ -2.4)(0.0_ 270.0_ 0.0)

Experience Name,Experience Number,Total Time,User Clickes,HeatMap
Physics Concept,1,121.505s,1,(3.9_ 0.0_ -2.4)(0.0_ 270.0_ 0.0)(1.0_ 0.7_ -2.5)(58.7_ 242.8_ 18.7)(0.4_ 0.9_ -2.2)(358.3_ 192.3_ 359.9)

Experience Name,Experience Number,Total Time,User Clickes,HeatMap
Physics Concept,1,5.168367s,0,(3.9_ 0.0_ -2.4)(0.0_ 270.0_ 0.0)

Experience Name,Experience Number,Total Time,User Clickes,HeatMap
Physics Concept,1,0.12s,0,(3.9_ 0.0_ -2.4)(0.0_ 270.0_ 0.0)

Experience Name,Experience Number,Total Time,User Clickes,HeatMap
Physics Concept,1,39.14362s,0,(3.9_ 0.0_ -2.4)(0.0_ 270.0_ 0.0)(1.1_ 1.1_ -2.4)(28.9_ 224.2_ 10.2)

Experience Name,Experience Number,Total Time,User Clickes,HeatMap
Physics Concept,1,216.8339s,0,(3.9_ 0.0_ -2.4)(0.0_ 270.0_ 0.0)(1.0_ 1.1_ -2.5)(26.0_ 249.5_ 5.7)(1.3_ 1.2_ -2.4)(13.9_ 186.3_ 3.5)(1.0_ 0.9_ -2.6)(57.6_ 252.8_ 18.1)(0.3_ 0.9_ -2.5)(358.2_ 202.6_ 0.3)(0.3_ 0.9_ -2.5)(358.2_ 202.6_ 0.3)

Experience Name,Experience Number,Total Time,User Clickes,HeatMap
Physics Concept,1,215.2662s,1,(3.9_ 0.0_ -2.4)(0.0_ 270.0_ 0.0)(1.1_ 1.1_ -2.1)(27.3_ 213.6_ 1.9)(1.0_ 0.9_ -2.5)(55.1_ 242.5_ 9.3)(1.1_ 1.1_ -2.4)(17.7_ 242.4_ 8.6)(0.2_ 0.9_ -2.4)(358.4_ 183.7_ 0.1)(0.2_ 0.9_ -2.4)(358.8_ 196.2_ 0.0)

Experience Name,Experience Number,Total Time,User Clickes,HeatMap
Physics Concept,1,0.1696768s,0,(3.9_ 0.0_ -2.4)(0.0_ 270.0_ 0.0)

Experience Name,Experience Number,Total Time,User Clickes,HeatMap
Physics Concept,1,147.7222s,0,(3.9_ 0.0_ -2.4)(0.0_ 270.0_ 0.0)(3.9_ 1.8_ -2.4)(351.6_ 269.2_ 14.7)(3.9_ 1.8_ -2.4)(351.6_ 269.2_ 14.7)(3.9_ 1.8_ -2.4)(351.6_ 269.2_ 14.7)(3.9_ 1.8_ -2.4)(351.6_ 269.2_ 14.7)(3.9_ 1.8_ -2.4)(351.6_ 269.2_ 14.7)(3.9_ 1.8_ -2.4)(351.6_ 269.2_ 14.7)(3.9_ 1.8_ -2.4)(351.6_ 269.2_ 14.7)(3.9_ 1.8_ -2.4)(351.6_ 269.2_ 14.7)(3.9_ 1.8_ -2.4)(351.6_ 269.2_ 14.7)(3.2_ 0.9_ -2.1)(358.0_ 199.3_ 9.7)

Experience Name,Experience Number,Total Time,User Clickes,HeatMap
Physics Concept,1,13.75385s,0,(3.9_ 0.0_ -2.4)(0.0_ 270.0_ 0.0)

Experience Name,Experience Number,Total Time,User Clickes,HeatMap
Physics Concept,1,23.53107s,0,(3.9_ 0.0_ -2.4)(0.0_ 270.0_ 0.0)(3.9_ 1.2_ -2.3)(358.3_ 270.0_ 9.7)

Experience Name,Experience Number,Total Time,User Clickes,HeatMap
Physics Concept,1,96.10556s,0,(3.9_ 0.0_ -2.4)(0.0_ 270.0_ 0.0)(3.9_ 1.2_ -2.3)(358.3_ 270.0_ 9.7)(3.9_ 1.2_ -2.3)(358.3_ 270.0_ 9.7)(3.9_ 1.2_ -2.3)(358.3_ 270.0_ 9.7)(3.9_ 1.2_ -2.3)(358.3_ 270.0_ 9.7)(3.9_ 1.2_ -2.3)(358.3_ 270.0_ 9.7)(3.9_ 1.2_ -2.3)(358.3_ 270.0_ 9.7)(3.9_ 1.2_ -2.3)(358.3_ 270.0_ 9.7)

Experience Name,Experience Number,Total Time,User Clickes,HeatMap
Physics Concept,1,7.040204s,0,(3.9_ 0.0_ -2.4)(0.0_ 270.0_ 0.0)

Experience Name,Experience Number,Total Time,User Clickes,HeatMap
Physics Concept,1,0.12s,0,(3.9_ 0.0_ -2.4)(0.0_ 270.0_ 0.0)

Experience Name,Experience Number,Total Time,User Clickes,HeatMap
Physics Concept,1,14.94578s,0,(3.9_ 0.0_ -2.4)(0.0_ 270.0_ 0.0)(3.9_ 1.2_ -2.3)(358.3_ 270.0_ 9.7)

Experience Name,Experience Number,Total Time,User Clickes,HeatMap
Physics Concept,1,60.67662s,0,(3.9_ 0.0_ -2.4)(0.0_ 270.0_ 0.0)(3.9_ 1.2_ -2.3)(358.3_ 270.0_ 9.7)(3.9_ 1.2_ -2.3)(358.3_ 270.0_ 9.7)(3.9_ 1.2_ -2.3)(358.3_ 270.0_ 9.7)

Experience Name,Experience Number,Total Time,User Clickes,HeatMap
Physics Concept,1,78.52264s,0,(3.9_ 0.0_ -2.4)(0.0_ 270.0_ 0.0)(3.9_ 1.2_ -2.3)(358.3_ 270.0_ 9.7)(3.9_ 1.2_ -2.3)(358.3_ 269.9_ 9.7)(3.9_ 1.2_ -2.4)(358.3_ 269.9_ 9.7)(3.9_ 1.2_ -2.4)(358.3_ 269.9_ 9.7)

Experience Name,Experience Number,Total Time,User Clickes,HeatMap
Physics Concept,1,15.08294s,0,(3.9_ 0.0_ -2.4)(0.0_ 270.0_ 0.0)

Experience Name,Experience Number,Total Time,User Clickes,HeatMap
Physics Concept,1,33.67639s,0,(3.9_ 0.0_ -2.4)(0.0_ 270.0_ 0.0)(3.9_ 1.2_ -2.4)(358.3_ 269.9_ 9.7)(3.9_ 1.2_ -2.4)(358.3_ 269.9_ 9.7)

Experience Name,Experience Number,Total Time,User Clickes,HeatMap
Physics Concept,1,27.47698s,0,(3.9_ 0.0_ -2.4)(0.0_ 270.0_ 0.0)(3.9_ 1.2_ -2.4)(358.3_ 269.9_ 9.7)

Experience Name,Experience Number,Total Time,User Clickes,HeatMap
Physics Concept,1,14.85358s,0,(3.9_ 0.0_ -2.4)(0.0_ 270.0_ 0.0)

Experience Name,Experience Number,Total Time,User Clickes,HeatMap
Physics Concept,1,14.70533s,0,(3.9_ 0.0_ -2.4)(0.0_ 270.0_ 0.0)(3.9_ 1.2_ -2.4)(358.3_ 269.9_ 9.7)

Experience Name,Experience Number,Total Time,User Clickes,HeatMap
Physics Concept,1,2.635732s,0,(3.9_ 0.0_ -2.4)(0.0_ 270.0_ 0.0)

Experience Name,Experience Number,Total Time,User Clickes,HeatMap
Physics Concept,1,20.98483s,0,(3.9_ 0.0_ -2.4)(0.0_ 270.0_ 0.0)(3.9_ 1.2_ -2.4)(358.3_ 269.9_ 9.7)

Experience Name,Experience Number,Total Time,User Clickes,HeatMap
Physics Concept,1,0.4796713s,0,(3.9_ 0.0_ -2.4)(0.0_ 270.0_ 0.0)

Experience Name,Experience Number,Total Time,User Clickes,HeatMap
Physics Concept,1,71.71153s,0,(3.9_ 0.0_ -2.4)(0.0_ 270.0_ 0.0)(3.9_ 1.2_ -2.4)(358.3_ 269.9_ 9.7)(3.9_ 1.2_ -2.4)(358.3_ 269.9_ 9.7)(3.9_ 1.2_ -2.4)(358.3_ 269.9_ 9.7)(3.9_ 1.2_ -2.4)(358.3_ 269.9_ 9.7)(3.9_ 1.2_ -2.4)(358.3_ 269.9_ 9.7)

Experience Name,Experience Number,Total Time,User Clickes,HeatMap
Physics Concept,1,8.59752s,0,(3.9_ 0.0_ -2.4)(0.0_ 270.0_ 0.0)

Experience Name,Experience Number,Total Time,User Clickes,HeatMap
Physics Concept,1,3.283476s,0,(3.9_ 0.0_ -2.4)(0.0_ 270.0_ 0.0)

Experience Name,Experience Number,Total Time,User Clickes,HeatMap
Physics Concept,1,0.6067275s,0,(3.9_ 0.0_ -2.4)(0.0_ 270.0_ 0.0)

Experience Name,Experience Number,Total Time,User Clickes,HeatMap
Physics Concept,1,86.50019s,0,(3.9_ 0.0_ -2.4)(0.0_ 270.0_ 0.0)(3.9_ 1.2_ -2.4)(358.3_ 269.9_ 9.7)(3.9_ 1.2_ -2.4)(358.3_ 269.9_ 9.7)(3.9_ 1.2_ -2.4)(358.3_ 269.9_ 9.7)(3.9_ 1.2_ -2.4)(358.3_ 269.9_ 9.7)(3.9_ 1.2_ -2.4)(358.3_ 269.9_ 9.7)(3.9_ 1.2_ -2.4)(358.3_ 269.9_ 9.7)

Experience Name,Experience Number,Total Time,User Clickes,HeatMap
Physics Concept,1,10.82474s,0,(3.9_ 0.0_ -2.4)(0.0_ 270.0_ 0.0)

Experience Name,Experience Number,Total Time,User Clickes,HeatMap
Physics Concept,1,2.533199s,0,(3.9_ 0.0_ -2.4)(0.0_ 270.0_ 0.0)

Experience Name,Experience Number,Total Time,User Clickes,HeatMap
Physics Concept,1,12.17619s,0,(3.9_ 0.0_ -2.4)(0.0_ 270.0_ 0.0)

Experience Name,Experience Number,Total Time,User Clickes,HeatMap
Physics Concept,1,7.259202s,0,(3.9_ 0.0_ -2.4)(0.0_ 270.0_ 0.0)

Experience Name,Experience Number,Total Time,User Clickes,HeatMap
Physics Concept,1,39.56263s,0,(3.9_ 0.0_ -2.4)(0.0_ 270.0_ 0.0)(3.9_ 1.2_ -2.4)(358.3_ 269.9_ 9.7)(3.9_ 1.2_ -2.4)(358.3_ 269.9_ 9.7)

Experience Name,Experience Number,Total Time,User Clickes,HeatMap
Physics Concept,1,51.71577s,0,(3.9_ 0.0_ -2.4)(0.0_ 270.0_ 0.0)(3.9_ 1.2_ -2.3)(358.2_ 269.8_ 9.8)(3.9_ 1.2_ -2.3)(358.2_ 269.8_ 9.8)(3.9_ 1.2_ -2.3)(358.2_ 269.8_ 9.8)

Experience Name,Experience Number,Total Time,User Clickes,HeatMap
Physics Concept,1,38.13722s,0,(3.9_ 0.0_ -2.4)(0.0_ 270.0_ 0.0)(3.2_ 0.9_ -2.1)(358.2_ 224.6_ 9.9)(3.2_ 0.9_ -2.1)(358.2_ 224.6_ 9.9)

Experience Name,Experience Number,Total Time,User Clickes,HeatMap
Physics Concept,1,38.72896s,0,(3.9_ 0.0_ -2.4)(0.0_ 270.0_ 0.0)(3.2_ 0.9_ -2.1)(358.2_ 224.6_ 9.9)(3.9_ 1.2_ -2.3)(358.5_ 269.9_ 8.8)

Experience Name,Experience Number,Total Time,User Clickes,HeatMap
Physics Concept,1,26.38593s,0,(3.9_ 0.0_ -2.4)(0.0_ 270.0_ 0.0)(3.3_ 0.8_ -2.0)(358.5_ 232.9_ 8.8)

Experience Name,Experience Number,Total Time,User Clickes,HeatMap
Physics Concept,1,48.40157s,0,(3.9_ 0.0_ -2.4)(0.0_ 270.0_ 0.0)(3.3_ 0.8_ -2.0)(358.5_ 232.9_ 8.8)(3.3_ 0.8_ -2.0)(358.5_ 232.9_ 8.8)

Experience Name,Experience Number,Total Time,User Clickes,HeatMap
Physics Concept,1,56.46894s,0,(3.9_ 0.0_ -2.4)(0.0_ 270.0_ 0.0)(3.3_ 0.8_ -2.0)(358.5_ 232.9_ 8.8)(3.3_ 0.8_ -2.0)(358.5_ 232.9_ 8.8)(3.3_ 0.8_ -2.0)(358.5_ 232.9_ 8.8)

Experience Name,Experience Number,Total Time,User Clickes,HeatMap
Physics Concept,1,16.13219s,0,(3.9_ 0.0_ -2.4)(0.0_ 270.0_ 0.0)

Experience Name,Experience Number,Total Time,User Clickes,HeatMap
Physics Concept,1,12.46723s,0,(3.9_ 0.0_ -2.4)(0.0_ 270.0_ 0.0)

Experience Name,Experience Number,Total Time,User Clickes,HeatMap
Physics Concept,1,6.8422s,0,(3.9_ 0.0_ -2.4)(0.0_ 270.0_ 0.0)

Experience Name,Experience Number,Total Time,User Clickes,HeatMap
Physics Concept,1,4.472804s,0,(3.9_ 0.0_ -2.4)(0.0_ 270.0_ 0.0)

Experience Name,Experience Number,Total Time,User Clickes,HeatMap
Physics Concept,1,10.6243s,0,(3.9_ 0.0_ -2.4)(0.0_ 270.0_ 0.0)

Experience Name,Experience Number,Total Time,User Clickes,HeatMap
Physics Concept,1,0.9302601s,0,(3.9_ 0.0_ -2.4)(0.0_ 270.0_ 0.0)

Experience Name,Experience Number,Total Time,User Clickes,HeatMap
Physics Concept,1,5.075963s,0,(3.9_ 0.0_ -2.4)(0.0_ 270.0_ 0.0)

Experience Name,Experience Number,Total Time,User Clickes,HeatMap
Physics Concept,1,1.510409s,0,(3.9_ 0.0_ -2.4)(0.0_ 270.0_ 0.0)

Experience Name,Experience Number,Total Time,User Clickes,HeatMap
Physics Concept,1,19.29621s,0,(3.9_ 0.0_ -2.4)(0.0_ 270.0_ 0.0)(3.9_ 1.2_ -2.4)(358.3_ 269.9_ 8.9)

Experience Name,Experience Number,Total Time,User Clickes,HeatMap
Physics Concept,1,27.25196s,0,(3.9_ 0.0_ -2.4)(0.0_ 270.0_ 0.0)(3.9_ 1.2_ -2.4)(358.3_ 269.9_ 8.9)

Experience Name,Experience Number,Total Time,User Clickes,HeatMap
Physics Concept,1,19.95712s,0,(3.9_ 0.0_ -2.4)(0.0_ 270.0_ 0.0)(3.9_ 1.2_ -2.4)(358.3_ 269.9_ 8.9)

Experience Name,Experience Number,Total Time,User Clickes,HeatMap
Physics Concept,1,1.926195s,0,(3.9_ 0.0_ -2.4)(0.0_ 270.0_ 0.0)

Experience Name,Experience Number,Total Time,User Clickes,HeatMap
Physics Concept,1,4.712826s,0,(3.9_ 0.0_ -2.4)(0.0_ 270.0_ 0.0)

Experience Name,Experience Number,Total Time,User Clickes,HeatMap
Physics Concept,1,1.72422s,0,(3.9_ 0.0_ -2.4)(0.0_ 270.0_ 0.0)

Experience Name,Experience Number,Total Time,User Clickes,HeatMap
Physics Concept,1,11.66395s,0,(3.9_ 0.0_ -2.4)(0.0_ 270.0_ 0.0)

Experience Name,Experience Number,Total Time,User Clickes,HeatMap
Physics Concept,1,6.337748s,0,(3.9_ 0.0_ -2.4)(0.0_ 270.0_ 0.0)

Experience Name,Experience Number,Total Time,User Clickes,HeatMap
Physics Concept,1,62.00423s,0,(3.9_ 0.0_ -2.4)(0.0_ 270.0_ 0.0)(3.9_ 1.2_ -2.3)(358.3_ 270.0_ 8.9)(3.9_ 1.2_ -2.3)(358.3_ 270.0_ 8.9)(3.9_ 1.2_ -2.3)(358.3_ 270.0_ 8.9)

Experience Name,Experience Number,Total Time,User Clickes,HeatMap
Physics Concept,1,79.31661s,0,(3.9_ 0.0_ -2.4)(0.0_ 270.0_ 0.0)(3.9_ 1.2_ -2.3)(358.3_ 270.0_ 8.9)(3.9_ 1.2_ -2.3)(358.3_ 270.0_ 8.9)(3.9_ 1.2_ -2.3)(358.3_ 270.0_ 8.9)(3.9_ 1.2_ -2.3)(358.3_ 270.0_ 8.9)(3.9_ 1.2_ -2.3)(358.3_ 270.0_ 8.9)

Experience Name,Experience Number,Total Time,User Clickes,HeatMap
Physics Concept,1,19.70711s,0,(3.9_ 0.0_ -2.4)(0.0_ 270.0_ 0.0)(3.9_ 1.2_ -2.3)(358.3_ 270.0_ 8.9)

Experience Name,Experience Number,Total Time,User Clickes,HeatMap
Physics Concept,1,19.6696s,0,(3.9_ 0.0_ -2.4)(0.0_ 270.0_ 0.0)(3.9_ 1.2_ -2.3)(358.3_ 270.0_ 8.9)

Experience Name,Experience Number,Total Time,User Clickes,HeatMap
Physics Concept,1,0.6825485s,0,(3.9_ 0.0_ -2.4)(0.0_ 270.0_ 0.0)

Experience Name,Experience Number,Total Time,User Clickes,HeatMap
Physics Concept,1,26.43054s,0,(3.9_ 0.0_ -2.4)(0.0_ 270.0_ 0.0)(3.9_ 1.2_ -2.3)(358.3_ 270.0_ 8.9)

Experience Name,Experience Number,Total Time,User Clickes,HeatMap
Physics Concept,1,36.38091s,0,(3.9_ 0.0_ -2.4)(0.0_ 270.0_ 0.0)(3.9_ 1.2_ -2.3)(358.3_ 270.0_ 8.9)(3.9_ 1.2_ -2.3)(358.3_ 270.0_ 8.9)

Experience Name,Experience Number,Total Time,User Clickes,HeatMap
Physics Concept,1,80.58304s,6,(3.9_ 0.0_ -2.4)(0.0_ 270.0_ 0.0)(0.7_ 1.1_ -6.9)(41.7_ 299.2_ 2.7)(0.5_ 1.2_ -6.7)(15.1_ 356.8_ 358.7)

Experience Name,Experience Number,Total Time,User Clickes,HeatMap
Physics Concept,1,10.29828s,0,(3.9_ 0.0_ -2.4)(0.0_ 270.0_ 0.0)

Experience Name,Experience Number,Total Time,User Clickes,HeatMap
Physics Concept,1,13.84573s,0,(3.9_ 0.0_ -2.4)(0.0_ 270.0_ 0.0)

Experience Name,Experience Number,Total Time,User Clickes,HeatMap
Physics Concept,1,18.37738s,0,(3.9_ 0.0_ -2.4)(0.0_ 270.0_ 0.0)

Experience Name,Experience Number,Total Time,User Clickes,HeatMap
Physics Concept,1,5.585514s,0,(4.5_ 0.0_ -2.4)(0.0_ 0.0_ 0.0)

Experience Name,Experience Number,Total Time,User Clickes,HeatMap
Physics Concept,1,20.40283s,0,(4.3_ 0.8_ -3.2)(347.2_ 293.4_ 0.1)(4.3_ 0.8_ -3.2)(347.2_ 293.5_ 0.0)

Experience Name,Experience Number,Total Time,User Clickes,HeatMap
Physics Concept,1,8.737002s,0,(4.3_ 0.8_ -3.2)(347.3_ 293.5_ 0.0)

Experience Name,Experience Number,Total Time,User Clickes,HeatMap
Physics Concept,1,6.392656s,0,(4.3_ 0.8_ -3.2)(347.2_ 293.5_ 0.0)

Experience Name,Experience Number,Total Time,User Clickes,HeatMap
Physics Concept,1,4.942643s,0,(4.3_ 0.8_ -3.2)(347.3_ 293.5_ 0.1)

Experience Name,Experience Number,Total Time,User Clickes,HeatMap
Physics Concept,1,3.571668s,0,(4.3_ 0.8_ -3.2)(347.2_ 293.5_ 0.1)

Experience Name,Experience Number,Total Time,User Clickes,HeatMap
Physics Concept,1,33.92671s,0,(4.2_ 0.8_ -3.2)(347.3_ 304.7_ 0.6)(4.5_ 0.7_ -2.7)(324.3_ 328.5_ 3.6)(4.5_ 0.7_ -2.7)(324.3_ 328.5_ 3.6)(4.5_ 0.7_ -2.7)(324.3_ 328.5_ 3.6)

Experience Name,Experience Number,Total Time,User Clickes,HeatMap
Physics Concept,1,177.1459s,13,(4.3_ 0.9_ -3.1)(358.3_ 71.4_ 5.2)(4.0_ 1.2_ -2.8)(6.5_ 180.6_ 0.4)(2.3_ 1.1_ -2.3)(31.9_ 276.2_ 359.4)(1.2_ 1.1_ -2.2)(23.9_ 214.2_ 4.5)(1.3_ 1.1_ -4.0)(14.8_ 212.6_ 2.8)(1.9_ 1.1_ -6.0)(22.6_ 267.9_ 7.5)(-0.2_ 1.1_ -4.7)(26.5_ 166.6_ 11.0)(0.1_ 1.1_ -5.0)(24.6_ 185.3_ 4.9)(0.3_ 1.1_ -4.7)(18.9_ 168.3_ 11.4)(0.1_ 1.1_ -5.0)(14.3_ 193.0_ 0.0)(0.3_ 1.0_ -5.2)(36.3_ 199.8_ 356.7)(4.0_ 0.9_ -9.4)(52.2_ 120.6_ 359.1)(3.1_ 0.8_ -9.8)(355.1_ 96.8_ 359.1)(3.1_ 0.8_ -9.8)(355.1_ 96.8_ 359.1)

Experience Name,Experience Number,Total Time,User Clickes,HeatMap
Physics Concept,1,40.65558s,1,(4.3_ 0.8_ -3.1)(355.1_ 96.9_ 359.1)(4.0_ 1.1_ -2.6)(357.9_ 198.6_ 356.9)

Experience Name,Experience Number,Total Time,User Clickes,HeatMap
Physics Concept,1,1.004379s,0,(4.5_ 0.0_ -2.4)(0.0_ 0.0_ 0.0)

Experience Name,Experience Number,Total Time,User Clickes,HeatMap
Physics Concept,1,2.713164s,0,(4.3_ 0.8_ -3.2)(357.9_ 84.6_ 0.3)

Experience Name,Experience Number,Total Time,User Clickes,HeatMap
Physics Concept,1,4.26364s,0,(4.3_ 0.8_ -3.2)(357.9_ 84.6_ 0.1)

Experience Name,Experience Number,Total Time,User Clickes,HeatMap
Physics Concept,1,81.63023s,9,(4.3_ 0.8_ -3.2)(357.3_ 85.9_ 0.1)(4.3_ 1.1_ -5.3)(22.0_ 174.6_ 359.2)(4.4_ 1.6_ -8.6)(355.1_ 73.9_ 355.9)(4.4_ 1.5_ -8.4)(354.7_ 73.2_ 358.5)(4.2_ 1.1_ -7.5)(4.1_ 152.7_ 5.8)(3.9_ 1.1_ -8.0)(6.3_ 217.0_ 11.4)(3.6_ 1.1_ -7.9)(8.8_ 211.1_ 8.1)

Experience Name,Experience Number,Total Time,User Clickes,HeatMap
Physics Concept,1,5.664482s,0,(4.3_ 0.8_ -3.2)(355.1_ 81.4_ 359.4)

Experience Name,Experience Number,Total Time,User Clickes,HeatMap
Physics Concept,1,0.3365495s,0,(4.3_ 0.8_ -3.2)(355.1_ 81.4_ 359.4)

Experience Name,Experience Number,Total Time,User Clickes,HeatMap
Physics Concept,1,9.256747s,0,(4.3_ 0.8_ -3.2)(355.1_ 81.4_ 359.4)

Experience Name,Experience Number,Total Time,User Clickes,HeatMap
Physics Concept,1,94.7953s,10,(4.3_ 0.8_ -3.1)(355.1_ 81.4_ 359.5)(4.1_ 1.2_ -2.7)(2.2_ 196.9_ 1.2)(4.6_ 1.1_ -8.0)(4.0_ 249.0_ 7.4)(4.3_ 1.4_ -9.4)(50.3_ 248.4_ 9.6)(2.7_ 0.9_ -8.4)(52.8_ 204.2_ 6.5)(3.7_ 1.0_ -10.1)(40.5_ 208.7_ 7.4)(4.7_ 1.0_ -8.0)(34.5_ 232.1_ 10.4)(4.8_ 0.8_ -9.1)(356.2_ 75.4_ 359.6)

Experience Name,Experience Number,Total Time,User Clickes,HeatMap
Physics Concept,1,4.00332s,0,(4.3_ 0.8_ -3.2)(356.3_ 75.4_ 359.6)

Experience Name,Experience Number,Total Time,User Clickes,HeatMap
Physics Concept,1,93.72404s,103,(4.3_ 0.8_ -3.2)(356.0_ 69.4_ 359.7)(3.9_ 1.0_ -7.5)(55.0_ 183.3_ 356.4)(4.5_ 1.2_ -8.5)(53.2_ 243.4_ 10.6)(3.2_ 1.1_ -8.7)(24.6_ 193.7_ 4.8)(3.1_ 1.0_ -8.7)(52.9_ 171.5_ 7.0)

Experience Name,Experience Number,Total Time,User Clickes,HeatMap
Physics Concept,1,6.765494s,0,(4.3_ 0.8_ -3.2)(354.4_ 113.0_ 359.4)

Experience Name,Experience Number,Total Time,User Clickes,HeatMap
Physics Concept,1,21.4459s,0,(4.3_ 0.8_ -3.2)(354.5_ 113.0_ 359.4)(4.3_ 0.8_ -3.2)(354.5_ 112.9_ 359.4)

Experience Name,Experience Number,Total Time,User Clickes,HeatMap
Physics Concept,1,7.081119s,0,(4.3_ 0.8_ -3.2)(354.5_ 112.9_ 359.4)

Experience Name,Experience Number,Total Time,User Clickes,HeatMap
Physics Concept,1,13.8914s,0,(4.3_ 0.8_ -3.2)(354.5_ 113.0_ 359.5)

Experience Name,Experience Number,Total Time,User Clickes,HeatMap
Physics Concept,1,41.26828s,0,(4.3_ 0.8_ -3.2)(354.5_ 113.0_ 359.5)(4.3_ 0.8_ -3.2)(354.5_ 112.9_ 359.4)(4.3_ 0.8_ -3.2)(354.5_ 113.0_ 359.4)

Experience Name,Experience Number,Total Time,User Clickes,HeatMap
Physics Concept,1,128.2722s,0,(4.3_ 0.8_ -3.2)(354.5_ 113.0_ 359.4)(4.3_ 0.8_ -3.2)(354.5_ 112.9_ 359.4)(4.3_ 0.8_ -3.2)(354.5_ 113.0_ 359.5)(4.3_ 0.8_ -3.2)(354.5_ 113.0_ 359.4)(4.3_ 0.8_ -3.2)(354.5_ 113.0_ 359.4)(4.3_ 0.8_ -3.2)(354.5_ 113.0_ 359.5)(4.3_ 0.8_ -3.2)(354.5_ 113.0_ 359.5)(4.3_ 0.8_ -3.2)(354.5_ 113.0_ 359.5)(4.3_ 0.8_ -3.2)(354.5_ 113.0_ 359.5)(4.3_ 0.8_ -3.2)(354.5_ 113.0_ 359.5)

Experience Name,Experience Number,Total Time,User Clickes,HeatMap
Physics Concept,1,25.143s,0,(4.3_ 0.8_ -3.2)(354.5_ 113.0_ 359.5)(4.3_ 0.8_ -3.2)(354.5_ 113.0_ 359.5)

Experience Name,Experience Number,Total Time,User Clickes,HeatMap
Physics Concept,1,19.40065s,0,(4.3_ 0.8_ -3.2)(354.5_ 113.0_ 359.5)(4.3_ 0.8_ -3.2)(354.5_ 113.0_ 359.5)

Experience Name,Experience Number,Total Time,User Clickes,HeatMap
Physics Concept,1,3.800675s,0,(4.3_ 0.8_ -3.2)(354.5_ 113.0_ 359.5)

Experience Name,Experience Number,Total Time,User Clickes,HeatMap
Physics Concept,1,17.56703s,0,(4.3_ 0.8_ -3.2)(354.5_ 112.9_ 359.5)(4.3_ 0.8_ -3.2)(354.5_ 113.0_ 359.4)

Experience Name,Experience Number,Total Time,User Clickes,HeatMap
Physics Concept,1,2.442546s,0,(4.3_ 0.8_ -3.2)(354.5_ 113.0_ 359.5)

Experience Name,Experience Number,Total Time,User Clickes,HeatMap
Physics Concept,1,3.692714s,0,(4.3_ 0.8_ -3.2)(354.5_ 113.0_ 359.5)

Experience Name,Experience Number,Total Time,User Clickes,HeatMap
Physics Concept,1,3.674496s,0,(4.3_ 0.8_ -3.2)(354.5_ 113.0_ 359.5)

Experience Name,Experience Number,Total Time,User Clickes,HeatMap
Physics Concept,1,6.910439s,0,(4.3_ 0.8_ -3.2)(354.5_ 113.0_ 359.5)

Experience Name,Experience Number,Total Time,User Clickes,HeatMap
Physics Concept,1,4.989983s,0,(4.3_ 0.8_ -3.2)(354.5_ 113.0_ 359.5)

Experience Name,Experience Number,Total Time,User Clickes,HeatMap
Physics Concept,1,4.64616s,0,(4.3_ 0.8_ -3.2)(354.5_ 113.0_ 359.5)

Experience Name,Experience Number,Total Time,User Clickes,HeatMap
Physics Concept,1,1.289918s,0,(4.3_ 0.8_ -3.2)(354.5_ 113.1_ 359.5)

Experience Name,Experience Number,Total Time,User Clickes,HeatMap
Physics Concept,1,3.259987s,0,(4.3_ 0.8_ -3.2)(354.5_ 113.1_ 359.5)

Experience Name,Experience Number,Total Time,User Clickes,HeatMap
Physics Concept,1,8.478937s,0,(4.3_ 0.8_ -3.2)(354.5_ 113.0_ 359.5)

Experience Name,Experience Number,Total Time,User Clickes,HeatMap
Physics Concept,1,7.340532s,0,(4.3_ 0.8_ -3.2)(354.5_ 113.1_ 359.5)

Experience Name,Experience Number,Total Time,User Clickes,HeatMap
Physics Concept,1,58.04388s,6,(4.3_ 0.8_ -3.2)(354.5_ 113.1_ 359.5)(3.9_ 1.1_ -3.5)(10.9_ 183.7_ 3.6)(3.0_ 1.1_ -9.1)(26.1_ 229.9_ 10.4)(2.6_ 1.1_ -10.5)(22.0_ 244.8_ 9.8)(1.7_ 1.1_ -10.9)(342.3_ 319.3_ 5.6)

Experience Name,Experience Number,Total Time,User Clickes,HeatMap
Physics Concept,1,51.66137s,6,(4.3_ 0.8_ -3.2)(355.3_ 80.4_ 359.5)(5.9_ 1.1_ -7.9)(29.7_ 193.4_ 2.8)(5.3_ 1.1_ -9.2)(11.5_ 236.2_ 8.4)(3.7_ 0.8_ -9.5)(359.7_ 88.0_ 354.2)

Experience Name,Experience Number,Total Time,User Clickes,HeatMap
Physics Concept,1,28.97041s,14,(4.3_ 0.8_ -3.2)(354.6_ 86.4_ 359.5)(2.9_ 1.1_ -8.8)(4.8_ 219.7_ 6.1)

Experience Name,Experience Number,Total Time,User Clickes,HeatMap
Physics Concept,1,58.4817s,8,(4.4_ 0.8_ -3.2)(355.3_ 73.6_ 359.6)(3.0_ 1.2_ -8.6)(0.9_ 185.6_ 8.5)(5.2_ 1.1_ -9.0)(27.5_ 233.3_ 16.4)(3.9_ 1.0_ -12.6)(40.4_ 241.3_ 11.9)(2.6_ 0.8_ -12.1)(357.1_ 79.1_ 354.9)

Experience Name,Experience Number,Total Time,User Clickes,HeatMap
Physics Concept,1,0.6732262s,0,(4.3_ 0.8_ -3.2)(355.6_ 81.4_ 359.9)

Experience Name,Experience Number,Total Time,User Clickes,HeatMap
Physics Concepts,1,8.694883s,0,(4.5_ 0.0_ -2.4)(0.0_ 0.0_ 0.0)

Experience Name,Experience Number,Total Time,User Clickes,HeatMap
Physics Concept,1,226.6899s,17,(4.0_ 1.2_ -2.6)(10.8_ 4.8_ 2.8)(1.5_ 1.1_ -2.3)(28.1_ 239.4_ 5.3)(2.2_ 1.1_ -5.0)(38.0_ 208.0_ 1.4)(-0.4_ 1.1_ -6.8)(40.8_ 254.5_ 2.9)(0.1_ 1.1_ -4.5)(24.7_ 170.9_ 3.9)(0.3_ 1.1_ -4.4)(13.0_ 191.7_ 5.1)(2.2_ 1.1_ -4.5)(34.0_ 195.5_ 6.6)(0.7_ 1.1_ -4.6)(16.8_ 192.8_ 6.6)(0.3_ 1.1_ -4.9)(19.3_ 194.1_ 2.9)(0.6_ 0.9_ -4.3)(52.4_ 195.3_ 4.1)(0.6_ 1.1_ -4.5)(17.2_ 187.4_ 2.8)(2.1_ 1.1_ -4.7)(31.4_ 191.8_ 5.2)(-0.1_ 1.2_ -4.5)(9.1_ 174.6_ 359.7)(0.3_ 1.1_ -4.7)(13.4_ 184.2_ 2.3)(0.4_ 0.8_ -5.3)(355.5_ 82.2_ 0.1)(0.4_ 0.8_ -5.3)(355.5_ 82.2_ 0.1)

